time,open,high,low,close,BB Upper,BB Basis,BB Lower,Long Expansion,Short Expansion,LinReg,UpperBand,LowerBand,Long,Short,GMA fast,GMA slow,Bullish cross,Bearish cross,Plot,Final Newton value,Long Expansion,Short Expansion,Compression Score,Overbought z (eff),Oversold z (eff),z20,z50,z100,z200,Composite Z (smoothed),Long setup,Short setup,Dyn OB,Dyn OS,QAO,Buy,Sell,QVI Osc,Zero,Upper Band,Lower Band,VWMA spread (z by default),Buy,Sell,Climax Up,Climax Down,Churn,Bulls,Bears,Bias / Sentiment,Volume Band (Open),Volume Band (High,Volume Band (Low),Volume Band (Close),Price Band (Open),Price Band (High,Price Band (Low),Price Band (Close),Normalized Vol,Normalized Price,RROF Smooth,Signal Line,EoM +ve,EoM -ve,Compression +ve,Compression -ve
1417392000,300,398,300,340,NaN,NaN,NaN,0,0,NaN,NaN,NaN,0,0,NaN,NaN,0,0,NaN,NaN,0,0,NaN,2,-2,NaN,NaN,NaN,NaN,NaN,0,0,NaN,NaN,-34.9999991774257,0,0,NaN,0,NaN,NaN,NaN,0,0,0,0,0,NaN,NaN,NaN,0,5,0,5,5,NaN,5,NaN,10,NaN,NaN,NaN,NaN,NaN,NaN,NaN
1420070400,360,360,109.87,218.45,NaN,NaN,NaN,0,0,NaN,NaN,NaN,0,0,NaN,NaN,0,0,NaN,NaN,0,0,NaN,2,-2,NaN,NaN,NaN,NaN,NaN,0,0,NaN,NaN,-15.503012786489142,0,0,NaN,0,NaN,NaN,NaN,0,0,0,0,0,NaN,NaN,NaN,0,5,0,5,5,18.049065037436336,5,18.049065037436336,10,-26.09813007487267,NaN,NaN,NaN,0,NaN,NaN
1422748800,218.67,267.86,210,255.59,NaN,NaN,NaN,0,0,NaN,NaN,NaN,0,0,NaN,NaN,0,0,NaN,NaN,0,0,NaN,2,-2,NaN,NaN,NaN,NaN,NaN,0,0,NaN,NaN,12.236484784561037,0,0,NaN,0,NaN,NaN,NaN,0,0,0,0,0,NaN,NaN,NaN,0,5,0,5,5,19.396680427410608,5,19.396680427410608,10,28.793360854821213,NaN,NaN,0,NaN,NaN,NaN
1425168000,255.73,299.48,234.51,245.5,NaN,NaN,NaN,0,0,NaN,NaN,NaN,0,0,NaN,NaN,0,0,NaN,NaN,0,0,NaN,2,-2,NaN,NaN,NaN,NaN,NaN,0,0,NaN,NaN,0,0,0,NaN,0,NaN,NaN,NaN,0,0,0,0,0,NaN,NaN,NaN,0,5,0,5,5,16.153637711634133,5,16.153637711634133,10,-22.307275423268266,NaN,NaN,NaN,0,NaN,NaN
1427846400,245.5,263,215.56,236.81,NaN,NaN,NaN,0,0,NaN,NaN,NaN,0,0,NaN,NaN,0,0,NaN,NaN,0,0,NaN,2,-2,NaN,NaN,NaN,NaN,0,0,0,NaN,NaN,15.194836572892896,0,0,NaN,0,NaN,NaN,NaN,0,0,0,0,0,NaN,NaN,NaN,0,5,0,5,5,14.036888232643205,5,14.036888232643205,10,-18.07377646528641,NaN,NaN,NaN,0,NaN,NaN
1430438400,236.78,247.6,228.38,230.21,NaN,NaN,NaN,0,0,NaN,NaN,NaN,0,0,NaN,NaN,0,0,NaN,NaN,0,0,NaN,2,-2,NaN,NaN,NaN,NaN,0,0,0,NaN,NaN,-38.877328406926104,0,0,NaN,0,NaN,NaN,NaN,0,0,0,0,0,NaN,NaN,NaN,0,5,0,5,5,20.607546915423825,5,20.607546915423825,10,-31.215093830847653,NaN,NaN,NaN,0,NaN,NaN
1433116800,230.18,269.39,221.58,263.82,NaN,NaN,NaN,0,0,NaN,NaN,NaN,0,0,NaN,NaN,0,0,NaN,NaN,0,0,NaN,2,-2,NaN,NaN,NaN,NaN,0,0,0,NaN,NaN,82.9969591254092,0,0,NaN,0,NaN,NaN,NaN,0,0,0,0,0,NaN,NaN,NaN,0,5,0,5,5,31.171651676776133,5,31.171651676776133,10,52.343303353552265,NaN,NaN,0,NaN,NaN,NaN
1435708800,263.83,316.52,252.77,285.19,NaN,NaN,NaN,0,0,NaN,NaN,NaN,0,0,NaN,NaN,0,0,NaN,NaN,0,0,NaN,2,-2,NaN,NaN,NaN,NaN,0,0,0,NaN,NaN,55.563741494794826,0,0,NaN,0,NaN,NaN,NaN,0,0,0,0,0,NaN,NaN,NaN,0,5,0,5,5,14.310421718016613,5,14.310421718016613,10,18.620843436033226,NaN,NaN,0,NaN,NaN,NaN
1438387200,285.2,286.47,198.02,230.75,NaN,NaN,NaN,0,0,NaN,NaN,NaN,0,0,NaN,NaN,0,0,NaN,NaN,0,0,NaN,2,-2,NaN,NaN,NaN,NaN,0,0,0,NaN,NaN,-10.420464677224386,0,0,NaN,0,NaN,NaN,NaN,0,0,0,0,0,NaN,NaN,NaN,0,5,0,5,5,21.52105928083202,5,21.52105928083202,10,-33.04211856166404,NaN,NaN,NaN,0,NaN,NaN
1441065600,230.76,247.82,224.45,237.14,NaN,NaN,NaN,0,0,NaN,NaN,NaN,0,0,NaN,NaN,0,0,NaN,NaN,0,0,NaN,2,-2,NaN,NaN,NaN,NaN,0,0,0,NaN,NaN,16.087056727592767,0,0,NaN,0,NaN,NaN,NaN,0,0,0,0,0,NaN,NaN,NaN,0,5,0,5,5,9.29849193615555,5,9.29849193615555,10,8.5969838723111,NaN,NaN,NaN,NaN,NaN,NaN
1443657600,237.1,336.97,236.9,314.85,NaN,NaN,NaN,0,0,NaN,NaN,NaN,0,0,NaN,NaN,0,0,NaN,NaN,0,0,NaN,2,-2,NaN,NaN,NaN,NaN,0,0,0,NaN,NaN,31.237142261007612,0,0,NaN,0,NaN,NaN,NaN,0,0,0,0,0,NaN,NaN,NaN,0,5,0,5,5,28.602698531101694,5,28.602698531101694,10,47.205397062203396,NaN,NaN,0,NaN,NaN,NaN
1446336000,314.84,499.99,293.32,376.86,NaN,NaN,NaN,0,0,NaN,NaN,NaN,0,0,NaN,NaN,0,0,NaN,NaN,0,0,NaN,2,-2,NaN,NaN,NaN,NaN,0,0,0,NaN,NaN,76.9944896662311,0,0,NaN,0,NaN,NaN,NaN,0,0,0,0,0,NaN,NaN,NaN,0,5,0,5,5,10.068331852130392,5,10.068331852130392,10,10.136663704260783,NaN,NaN,NaN,NaN,NaN,NaN
1448928000,376.88,469.34,347.55,430.35,NaN,NaN,NaN,0,0,NaN,NaN,NaN,0,0,NaN,NaN,0,0,NaN,NaN,0,0,NaN,2,-2,NaN,NaN,NaN,NaN,0,0,0,NaN,NaN,72.01784434982801,0,0,NaN,0,NaN,NaN,NaN,0,0,0,0,0,1.918873510503585,0.7717479134840448,NaN,0,5,0,5,5,18.19704785094681,5,18.19704785094681,10,26.394095701893615,42.954964086192,NaN,0,NaN,NaN,NaN
1451606400,430.35,464.4,350.92,367.95,NaN,NaN,NaN,0,0,NaN,NaN,NaN,0,0,NaN,NaN,0,0,NaN,NaN,0,0,NaN,2,-2,NaN,NaN,NaN,NaN,0,0,0,NaN,NaN,22.312055794013073,0,0,NaN,0,NaN,NaN,NaN,0,0,0,0,0,1.8135412973352312,0.9716319539859354,NaN,0,5,0,5,5,26.89241749029182,5,26.89241749029182,10,-43.78483498058364,31.095098678467668,NaN,NaN,0,NaN,NaN
1454284800,367.89,448.7,361.1,436.44,NaN,NaN,NaN,0,0,NaN,NaN,NaN,0,0,NaN,NaN,0,0,NaN,NaN,0,0,NaN,2,-2,NaN,NaN,NaN,NaN,0,0,0,NaN,NaN,42.7566132358424,0,0,NaN,0,NaN,NaN,NaN,0,0,0,0,0,2.0221640134393954,1.0272181464869439,NaN,0,5,0,5,5,28.444949900987666,5,28.444949900987666,10,46.88989980197533,32.66653980690717,NaN,0,NaN,NaN,NaN
1456790400,436.41,437.78,381.09,416.03,NaN,NaN,NaN,0,0,NaN,NaN,NaN,0,0,NaN,NaN,0,0,NaN,NaN,0,0,NaN,2,-2,NaN,NaN,NaN,NaN,0,0,0,NaN,NaN,37.973923248410024,0,0,NaN,0,NaN,NaN,NaN,0,0,0,0,0,1.9668138843036544,0.9998569341788773,NaN,0,5,0,5,5,7.547595060911009,5,7.547595060911009,10,-5.095190121822018,32.44960239047825,NaN,NaN,NaN,NaN,NaN
1459468800,416.03,472.38,414.12,454.02,NaN,NaN,NaN,0,0,NaN,NaN,NaN,0,0,NaN,NaN,0,0,NaN,NaN,0,0,NaN,2,-2,NaN,NaN,NaN,NaN,0,0,0,NaN,NaN,7.23265699439947,0,0,NaN,0,NaN,NaN,NaN,0,0,0,0,0,2.079699050244635,0.8525652532272588,NaN,0,5,0,5,5,23.630921189614757,5,23.630921189614757,10,37.26184237922951,41.80333273835861,36.13065694117032,0,NaN,NaN,NaN
1462060800,454.02,549.99,435,531.34,NaN,NaN,NaN,0,0,NaN,NaN,NaN,0,0,NaN,NaN,0,0,NaN,NaN,0,0,NaN,2,-2,NaN,NaN,NaN,NaN,0,0,0,NaN,NaN,34.631567036381796,0,0,NaN,0,NaN,NaN,NaN,0,0,0,0,0,2.367773707635773,0.7111407488408275,NaN,0,5,0,5,5,28.688137674609603,5,28.688137674609603,10,47.376275349219206,53.099751215996086,41.76593816647544,0,NaN,NaN,NaN
1464739200,531.25,785.15,497.01,673.49,NaN,NaN,NaN,0,0,NaN,NaN,NaN,0,0,NaN,NaN,0,0,NaN,NaN,0,0,NaN,2,-2,NaN,NaN,NaN,NaN,0,0,0,NaN,NaN,55.245456299509144,0,0,NaN,0,NaN,NaN,NaN,0,0,0,0,0,2.637943057587921,0.5621913967243372,NaN,0,5,0,5,5,19.056617275445518,5,19.056617275445518,10,28.113234550891036,64.60229810389622,50.559082545760326,0,NaN,NaN,NaN
1467331200,673.5,705.25,608,626.97,622.0800777253082,358.588,95.09592227469176,0,0,NaN,NaN,NaN,0,0,337.3070371695355,NaN,0,0,358.588,NaN,0,0,NaN,2,-2,NaN,NaN,NaN,NaN,0,0,0,NaN,NaN,-14.120381538366928,0,0,NaN,0,NaN,NaN,NaN,0,0,0,0,0,2.528026762298214,2.7211618380110316,NaN,0,35,0,35,35,52.89764038701314,35,52.89764038701314,70,-35.795280774026274,16.220222010588405,40.99105493224737,NaN,NaN,NaN,NaN
1470009600,626.97,629.34,483,572.89,649.5202802464692,370.23249999999996,90.94471975353076,0,0,NaN,NaN,NaN,0,0,346.22228484052766,NaN,0,0,378.9977142857143,NaN,0,0,NaN,2,-2,NaN,NaN,NaN,NaN,0,0,0,NaN,NaN,5.5462800139942114,0,0,NaN,0,NaN,NaN,NaN,0,0,0,0,0,2.171417725069375,5.890768646015218,NaN,0,30,0,30,30,48.128850898557744,30,48.128850898557744,60,-36.25770179711548,-31.777370905122265,16.520250866585446,NaN,NaN,NaN,NaN
1472688000,572.89,631.3,568.12,608.99,678.3247310639658,389.7595,101.19426893603418,0,0,NaN,NaN,NaN,0,0,364.43319096182887,NaN,0,0,400.9017414965987,NaN,0,0,NaN,2,-2,NaN,NaN,NaN,NaN,0,0,0,NaN,NaN,29.07952356697332,0,0,NaN,0,NaN,NaN,NaN,0,0,0,0,0,4.047779837400787,7.302235391403784,NaN,0,25,0,25,25,50.06413404892466,25,50.06413404892466,50,50.12826809784932,-32.03686024294032,-3.7552514253091287,NaN,NaN,NaN,NaN
1475280000,608.99,725.64,606.93,696.9,722.6128920099688,411.825,101.03710799003107,0,0,NaN,NaN,NaN,0,0,383.1768422097082,NaN,0,0,429.09205183025597,NaN,0,0,NaN,2,-2,NaN,NaN,NaN,NaN,0,0,0,NaN,NaN,-8.342909306017521,0,0,NaN,0,NaN,NaN,NaN,0,0,0,0,0,8.348045686566495,7.087401788612851,NaN,0,25,0,25,25,62.07933996267961,25,62.07933996267961,50,74.15867992535922,1.2112739263281043,-8.025362795360968,0,NaN,NaN,NaN
1477958400,697.07,753.81,672.06,742.69,769.0678079127168,436.6845,104.3011920872832,0,0,NaN,NaN,NaN,0,0,404.9832469809572,NaN,0,0,458.9585230845173,NaN,0,0,NaN,2,-2,NaN,NaN,NaN,NaN,0,0,0,NaN,NaN,34.73833259983229,0,0,NaN,0,NaN,NaN,NaN,0,0,0,0,0,13.234515432198231,6.147414149879611,NaN,0,25,0,25,25,57.05274042593596,25,57.05274042593596,50,64.10548085187192,33.23787666640102,1.8392919005893609,0,NaN,NaN,NaN
1480550400,742.51,988.88,741.59,973.37,866.793263672723,473.5125,80.23173632727702,0,0,NaN,NaN,NaN,0,0,434.641262975296,NaN,0,0,507.9500923145633,NaN,0,0,NaN,2,-2,NaN,NaN,NaN,NaN,0,0,0,NaN,NaN,54.28770911857697,0,0,NaN,0,NaN,NaN,NaN,0,0,0,0,0,19.63748622716466,5.2472309065832645,NaN,0,30,0,30,30,75.31933445547611,30,75.31933445547611,60,90.63866891095222,55.496597760970154,21.21448172389575,0,NaN,NaN,NaN
1483228800,973.37,1175,734.64,970.01,942.5435291569543,510.50249999999994,78.46147084304567,0,0,NaN,NaN,NaN,0,0,467.0501924064532,NaN,0,0,551.9557978084144,NaN,0,0,NaN,2,-2,NaN,NaN,NaN,NaN,0,0,0,NaN,NaN,53.45776367852551,0,0,NaN,0,NaN,NaN,NaN,0,0,0,0,0,21.54718168063003,4.455549921676128,NaN,0,35,0,35,35,35.644018530293394,35,35.644018530293394,70,-1.2880370605867952,65.27031363868109,41.229151789747,NaN,NaN,NaN,0
1485907200,970.01,1221.93,925,1195.08,1066.5218951301429,557.0654999999999,47.60910486985699,0,0,NaN,NaN,NaN,0,0,503.695439165162,NaN,0,0,613.2057218266607,NaN,0,0,NaN,2,-2,NaN,NaN,NaN,NaN,0,0,0,NaN,NaN,30.503693320029598,0,0,NaN,0,NaN,NaN,NaN,0,0,0,0,0,24.920044244487745,3.6462504618697955,NaN,0,30,0,30,30,71.07349242536759,30,71.07349242536759,60,82.1469848507352,74.09072267441293,57.71411256458864,0,NaN,NaN,NaN
1488326400,1192.72,1360,890.05,1088.99,1140.2935754413083,597.2555,54.21742455869162,0,0,NaN,NaN,NaN,0,0,538.5952244893086,NaN,0,0,658.5185102241215,NaN,0,0,NaN,2,-2,NaN,NaN,NaN,NaN,0,0,0,NaN,NaN,30.382887809002746,0,0,NaN,0,NaN,NaN,NaN,0,0,0,1,0,24.58656088727258,6.675717006054338,NaN,0,50,0,50,50,71.27655424335923,50,71.27655424335923,100,-42.55310848671844,58.45995623444441,61.91364566495056,NaN,NaN,NaN,0
1491004800,1088.99,1394.51,900,1384.55,1270.3145572485748,654.9455,39.57644275142525,0,0,NaN,NaN,NaN,0,0,589.075343393699,NaN,0,0,727.6643663932529,NaN,0,0,NaN,2,-2,NaN,NaN,NaN,NaN,0,0,0,NaN,NaN,60.21920520182533,0,0,NaN,0,NaN,NaN,NaN,0,0,0,0,0,27.93955986224391,8.000338772415619,NaN,0,35,0,35,35,77.5317192730054,35,77.5317192730054,70,85.0634385460108,55.68446709653178,61.37143689880052,0,NaN,NaN,NaN
1493596800,1384.55,2806,1370.98,2303.29,1677.2116222262675,758.253,-160.70562222626756,0,0,NaN,NaN,NaN,0,0,659.9910336015871,NaN,0,0,877.7239505462765,NaN,0,0,NaN,2,-2,NaN,NaN,NaN,NaN,0,0,0,NaN,NaN,62.688920995929685,0,0,NaN,0,NaN,NaN,NaN,0,0,1,0,0,33.26967286568262,7.777574775623504,NaN,0,50,0,50,50,82.4509935084125,50,82.4509935084125,100,64.901987016825,61.04572070235378,61.11987330591575,NaN,NaN,NaN,NaN
1496275200,2303.61,2999.99,2050,2455.19,2020.809782318203,865.2700000000001,-290.2697823182026,0,0,NaN,NaN,NaN,0,0,731.3699390022515,NaN,0,0,1027.958812399012,NaN,0,0,NaN,2,-2,NaN,NaN,NaN,NaN,0,0,0,NaN,NaN,24.667477319645094,0,0,NaN,0,NaN,NaN,NaN,0,0,1,0,0,36.99550945206971,6.3641619796542725,NaN,0,50,0,50,50,66.97478704888472,50,66.97478704888472,100,33.949574097769435,70.41926362395536,63.622882490805935,NaN,NaN,0,NaN
1498867200,2455.19,2957,1758.2,2856.88,2410.3130153239663,989.2710000000001,-431.77101532396625,0,0,NaN,NaN,NaN,0,0,809.3245297860167,NaN,0,0,1202.1417826467252,NaN,0,0,NaN,2,-2,NaN,NaN,NaN,NaN,0,0,0,NaN,NaN,56.030441230692226,0,0,NaN,0,NaN,NaN,NaN,0,0,1,0,0,41.50367764192155,5.300377233134874,NaN,0,50,0,50,50,85.50858149942437,50,85.50858149942437,100,71.01716299884872,77.14172900129012,68.02345013578943,NaN,NaN,NaN,NaN
1501545600,2856.89,4769.03,2650,4743.94,3347.4535094492285,1204.9505,-937.5525094492286,0,0,NaN,NaN,NaN,0,0,912.5119753300015,NaN,0,0,1539.4558985851322,NaN,0,0,NaN,2,-2,NaN,NaN,NaN,NaN,0,0,0,NaN,NaN,63.84105750991173,0,0,NaN,0,NaN,NaN,NaN,0,0,1,0,0,48.34251358076659,4.444368058428679,70.68270957799722,0,50,0,50,50,95.64113033940546,50,95.64113033940546,100,91.28226067881091,82.71905889675209,74.07972732413509,NaN,NaN,NaN,NaN
1504224000,4743.94,4980,2975.01,4339,3904.895822162085,1403.503,-1097.889822162085,0,0,NaN,NaN,NaN,0,0,1032.3301579180923,NaN,0,0,1806.0791463389291,NaN,0,0,NaN,2,-2,NaN,NaN,NaN,NaN,0,0,0,NaN,NaN,44.715711675257126,0,0,NaN,0,NaN,NaN,NaN,0,0,0,1,0,48.3602756653683,6.026068892437126,69.40033191554674,0,50,0,50,50,63.04482802995938,50,63.04482802995938,100,-26.08965605991877,77.64667242301435,76.82793551041433,NaN,NaN,NaN,0
1506816000,4339.01,6472.13,4150.01,6445.01,4989.088012760237,1703.9315,-1581.2250127602372,0,0,NaN,NaN,NaN,0,0,1181.0915629983226,NaN,0,0,2247.8820847828406,NaN,0,0,NaN,2,-2,NaN,NaN,NaN,NaN,0,0,0,NaN,NaN,64.68836599123041,0,0,NaN,0,NaN,NaN,NaN,0,0,0,0,0,50.7429732668399,6.579995396812412,70.00611267226812,0,45,0,45,45,90.5856223416304,45,90.5856223416304,90,91.17124468326078,76.8719238289846,77.85374714358483,NaN,NaN,NaN,NaN
1509494400,6445.01,11485,5511.11,9903,6974.678035434507,2178.2799999999997,-2618.118035434508,0,0,NaN,NaN,NaN,0,0,1383.9349389226663,NaN,0,0,2976.9409338511414,NaN,0,0,NaN,2,-2,NaN,NaN,NaN,NaN,0,0,0,NaN,NaN,37.69592734570884,0,0,NaN,0,NaN,NaN,NaN,0,0,1,0,0,53.84740567100537,6.185207135372468,71.90976331028104,0,50,0,50,50,84.07744150492965,50,84.07744150492965,100,68.15488300985929,79.1629346168716,78.58814883094225,NaN,NaN,NaN,NaN
1512086400,9903.01,19891.99,9517,13863.13,9771.15712825835,2848.7355,-4073.6861282583513,0,0,NaN,NaN,NaN,0,0,1641.93132800978,NaN,0,0,4013.7208449129375,NaN,0,0,NaN,2,-2,NaN,NaN,NaN,NaN,0,0,0,NaN,NaN,63.91863138972672,0,0,NaN,0,NaN,NaN,NaN,0,0,1,0,0,55.73477722653292,4.928960271411693,74.81420630921296,0,50,0,50,50,72.13689497562997,50,72.13689497562997,100,44.273789951259936,83.75833142513129,80.27143805485849,NaN,NaN,0,NaN
1514764800,13863.14,17178,9005,10099.99,10840.250227370068,3327.168,-4185.914227370069,0,0,NaN,NaN,NaN,0,0,1902.4025126780857,NaN,0,0,4593.3655263498,NaN,0,0,NaN,2,-2,NaN,NaN,NaN,NaN,0,0,0,NaN,NaN,13.158163145315271,0,0,NaN,0,NaN,NaN,NaN,0,0,0,1,0,51.277405103966295,10.249363965440198,66.86581350831581,0,50,0,50,50,86.14152387086068,50,86.14152387086068,100,-72.28304774172138,66.94288273334365,75.90847088658944,NaN,NaN,NaN,NaN
1517443200,10099.99,11775,5873,10307.27,11799.74373332841,3808.857,-4182.029733328412,0,0,NaN,NaN,NaN,0,0,2180.4344542268036,NaN,0,0,5137.546904792676,NaN,0,0,NaN,2.441281709268967,-2.441281709268967,NaN,NaN,NaN,NaN,0,0,0,NaN,NaN,-9.80310031010887,0,0,NaN,0,NaN,NaN,NaN,0,0,1,0,0,44.510551718259705,13.111832298135942,61.529843557035576,0,50,0,50,50,57.004733231108354,50,57.004733231108354,100,14.009466462216706,54.19892575394615,68.3492631360818,NaN,NaN,0,NaN
1519862400,10307.26,11645.74,6600,6928.5,12085.009526192123,4123.9335,-3837.142526192124,0,0,NaN,NaN,NaN,0,0,2458.740296441347,NaN,0,0,5308.113866240993,NaN,0,0,NaN,3.2083400839632,-3.2083400839632,NaN,NaN,NaN,NaN,0,0,0,NaN,NaN,-40.48746811553232,0,0,NaN,0,NaN,NaN,NaN,0,0,0,0,0,36.40668820644519,20.086752248315403,50.79638049288669,0,45,0,45,45,84.61850721660824,45,84.61850721660824,90,-79.23701443321649,28.823273254521087,53.89468766370367,NaN,NaN,NaN,NaN
1522540800,6928.5,9763.49,6450,9243.83,12641.264609953641,4557.4805,-3526.303609953642,0,0,NaN,NaN,NaN,0,0,2825.5415261690355,NaN,0,0,5682.943974218041,NaN,0,0,NaN,2.6769878763334347,-2.6769878763334347,NaN,NaN,NaN,NaN,0,0,0,NaN,NaN,-24.357430826429784,0,0,NaN,0,NaN,NaN,NaN,0,0,0,0,0,32.88716634536679,21.971873757461978,47.30968541769727,0,35,0,35,35,67.55122779225294,35,67.55122779225294,70,65.10245558450589,20.068876079277434,39.72522317120857,NaN,NaN,NaN,NaN
1525132800,9243.83,9948.12,7058,7485,12868.132890175692,4901.281,-3065.5708901756916,0,0,NaN,NaN,NaN,0,0,3203.175813530929,NaN,0,0,5854.568357625847,NaN,0,0,NaN,3.0202369260401976,-3.0202369260401976,NaN,NaN,NaN,NaN,0,0,0,NaN,NaN,-25.696056410604424,0,0,NaN,0,NaN,NaN,NaN,0,0,0,0,0,27.987828200669536,24.922077949377968,41.63970273743093,0,30,0,30,30,63.53436225535119,30,63.53436225535119,60,-67.06872451070238,5.45704802284272,24.624753229074834,NaN,NaN,NaN,NaN
1527811200,7485,7777,5777,6383.19,12934.868823259349,5185.5955,-2563.677823259347,0,0,NaN,NaN,NaN,0,0,3578.2785239689833,NaN,0,0,5904.913275947195,NaN,0,0,NaN,3.213954457198718,-3.213954457198718,NaN,NaN,NaN,NaN,0,0,0,NaN,NaN,-25.980677544602983,0,0,NaN,0,NaN,NaN,NaN,0,0,0,0,0,22.47937489627246,26.423703774597783,36.62891293272538,0,25,0,25,25,52.6517211020861,25,52.6517211020861,50,-55.3034422041722,-8.996241415658524,9.926605700926594,NaN,NaN,NaN,NaN
1530403200,6383.19,8488,6075.01,7727.27,13078.532703345289,5534.8245,-2008.88370334529,0,0,NaN,NaN,NaN,0,0,4022.8613760251033,NaN,0,0,6078.4710591903195,NaN,0,0,NaN,2.7580231930516677,-2.7580231930516677,NaN,NaN,NaN,NaN,0,0,0,NaN,NaN,-55.90727615561687,0,0,NaN,0,NaN,NaN,NaN,0,0,0,0,0,19.285487431131926,25.372701748895846,34.452751220143234,0,25,0,25,25,52.175498427448446,25,52.175498427448446,50,54.350996854896884,-13.732049023592259,-1.2875360865994177,NaN,NaN,NaN,NaN
1533081600,7727.28,7750,5900,7015.01,13104.597722808725,5836.9065,-1430.7847228087257,0,0,NaN,NaN,NaN,0,0,4440.405013584417,NaN,0,0,6167.6652440293365,NaN,0,0,NaN,2.812497520728729,-2.812497520728729,NaN,NaN,NaN,NaN,0,0,0,NaN,NaN,-30.92031862813509,0,0,NaN,0,NaN,NaN,NaN,0,0,0,0,0,15.78947937447515,23.66029043642006,32.44838700903334,0,30,0,30,30,43.27611672723728,30,43.27611672723728,60,-26.552233454474557,-20.348465386268867,-10.178418343181738,NaN,NaN,NaN,0
1535760000,7015.01,7402.5,6106.37,6605,13038.37144239328,6118.656,-801.0594423932789,0,0,NaN,NaN,NaN,0,0,4887.394714901706,NaN,0,0,6209.3161731694,NaN,0,0,NaN,2.787109856335193,-2.787109856335193,NaN,NaN,NaN,NaN,0,0,0,NaN,NaN,-28.40209242996789,0,0,NaN,0,NaN,NaN,NaN,0,0,0,0,0,12.32783083355848,21.697876963995338,30.098799504388637,0,25,0,25,25,37.553210938828784,25,37.553210938828784,50,-25.106421877657564,-28.637496125106008,-18.554194936657108,NaN,NaN,NaN,NaN
1538352000,6605,6810,6033.34,6304.18,12914.75290129348,6374.111,-166.53090129348038,0,0,NaN,NaN,NaN,0,0,5311.155246867249,NaN,0,0,6218.350823343742,NaN,0,0,NaN,2.712201276549351,-2.712201276549351,NaN,NaN,NaN,NaN,0,0,0,NaN,NaN,-18.08270269957977,0,0,NaN,0,NaN,NaN,NaN,0,0,0,0,0,9.077219888876698,20.266407746949458,26.473206927246007,0,25,0,25,25,41.78299237640296,25,41.78299237640296,50,-33.565984752805925,-38.93883925496649,-27.11666109312707,NaN,NaN,NaN,NaN
1541030400,6304.18,6540,3456.78,3976,12703.955392187672,6518.461499999999,332.9676078123257,0,0,NaN,NaN,NaN,0,0,5666.437727753998,NaN,0,0,6004.793602072909,NaN,0,0,NaN,3.5267513624043847,-3.5267513624043847,NaN,NaN,NaN,NaN,0,0,0,NaN,NaN,-65.96154581891354,0,0,NaN,0,NaN,NaN,NaN,0,0,0,0,0,6.89080668991744,22.765582542998356,18.476755488095357,0,40,0,40,40,78.35780619333318,40,78.35780619333318,80,-76.71561238666636,-52.9845910555432,-37.40131869793533,NaN,NaN,NaN,NaN
1543622400,3976.01,4277,3128.89,3691.86,12510.35860001067,6633.827,757.2953999893298,0,0,NaN,NaN,NaN,0,0,5951.232937854162,NaN,0,0,5784.514211399299,NaN,0,0,NaN,3.4102021652470644,-3.4102021652470644,NaN,NaN,NaN,NaN,0,0,0,NaN,NaN,-65.93412565001448,0,0,NaN,0,NaN,NaN,NaN,0,0,0,0,0,5.179249439177514,23.95425519121086,11.690078365588668,0,40,0,40,40,50.16684886779392,40,50.16684886779392,80,-20.33369773558784,-64.26330204528249,-48.5129899899977,NaN,NaN,NaN,0
1546300800,3691.87,4114.8,3337.87,3411.5,12420.494820099579,6689.2375,957.9801799004208,0,0,NaN,NaN,NaN,0,0,6069.274596697924,1322.6980416286374,0,0,5558.512857932699,NaN,0,0,NaN,3.2887251617061586,-3.2887251617061586,NaN,NaN,NaN,NaN,0,0,0,81.8478858176459,-48.828390656040874,-51.28052295469024,0,0,NaN,0,NaN,NaN,NaN,0,0,0,0,0,3.7292139743100434,24.079223786266144,5.749981803713712,0,30,0,30,30,47.69346717992278,30,47.69346717992278,60,-35.38693435984556,-73.56119340102222,-59.355208199193974,NaN,NaN,NaN,NaN
1548979200,3411.5,4188.79,3340.8,3792.14,12316.8978231959,6756.085000000001,1195.272176804101,0,0,NaN,NaN,NaN,0,0,6202.642489478727,1388.061854372819,0,0,5390.2868714629185,NaN,0,0,NaN,2.854857262354488,-2.854857262354488,NaN,NaN,NaN,NaN,0,0,0,81.8478858176459,-52.04831959322814,-55.12482488770111,0,0,NaN,0,NaN,NaN,NaN,0,0,0,0,0,3.52197031004784,21.597840900837507,3.525017300897351,0,25,0,25,25,37.736745375843505,25,37.736745375843505,50,25.473490751687006,-71.72514895607077,-66.03789639242288,NaN,NaN,NaN,NaN
1551398400,3792.14,4131.87,3672.39,4094.99,12229.352203332997,6817.9905,1406.6287966670025,0,0,NaN,NaN,NaN,0,0,6315.311723544331,1471.8611269309706,0,0,5266.925264656927,NaN,0,0,NaN,2.5553103451453225,-2.5553103451453225,NaN,NaN,NaN,NaN,0,0,0,81.8478858176459,-52.04831959322814,-29.095121228597986,0,0,NaN,0,NaN,NaN,NaN,0,0,0,0,0,5.417062033778875,18.23434940485047,3.7591437811067556,0,25,0,25,25,48.620791491135165,25,48.620791491135165,50,47.24158298227032,-53.582309947436876,-63.80046139404282,NaN,NaN,NaN,NaN
1554076800,4095,5650.01,4051.53,5270.69,12220.065298345591,6844.328000000001,1468.5907016544115,0,0,NaN,NaN,NaN,0,0,6348.647388107756,1563.6995374016185,0,0,5267.283810880076,NaN,0,0,NaN,2.1484637993567786,-2.1484637993567786,NaN,NaN,NaN,NaN,0,0,0,81.8478858176459,-52.04831959322814,14.69280497967683,0,0,NaN,0,NaN,NaN,NaN,0,0,0,0,0,10.089002521650995,14.74504957654276,7.088247457939808,0,35,0,35,35,65.59828305340785,35,65.59828305340785,70,61.19656610681571,-20.495644988295084,-49.557906696450814,NaN,NaN,NaN,NaN
1556668800,5270.68,9090,5265.61,8554.06,12351.323745346548,7055.081000000001,1758.838254653454,0,0,NaN,NaN,NaN,0,0,6567.806339983958,1678.7874873962644,0,0,5580.310114605783,NaN,0,0,NaN,1.732524108474859,-1.732524108474859,NaN,NaN,NaN,NaN,0,0,0,81.32692177786431,-48.828390656040874,35.7620458749007,0,0,NaN,0,NaN,NaN,NaN,0,0,0,0,0,18.769614717803314,11.751015301929298,14.036102500779558,0,45,0,45,45,86.8098591374673,45,86.8098591374673,90,83.61971827493458,18.018297180962183,-24.643301013589586,NaN,NaN,NaN,NaN
1559347200,8554.06,13868.44,7427,10761.26,12796.886832244525,7270.893500000001,1744.900167755477,0,0,NaN,NaN,NaN,0,0,6738.330603757325,1811.944893268762,0,0,6073.733913214756,NaN,0,0,NaN,1.639000702397625,-1.639000702397625,NaN,NaN,NaN,NaN,0,0,0,81.32692177786431,-48.828390656040874,-2.3427343918587376,0,0,NaN,0,NaN,NaN,NaN,0,0,0,0,0,26.085824210900483,9.046510351287331,20.36951318434097,0,45,0,45,45,67.6009477449246,45,67.6009477449246,90,45.201895489849186,46.315667540641776,4.218321507415192,NaN,NaN,NaN,NaN
1561939200,10761.26,13202.63,9071,10087.3,12824.213011306674,7280.1085,1736.0039886933273,0,0,NaN,NaN,NaN,0,0,6744.5460292267935,1954.2404592523621,0,0,6455.978302432399,NaN,0,0,NaN,1.6976792470425024,-1.6976792470425024,NaN,NaN,NaN,NaN,0,0,0,81.32692177786431,-48.828390656040874,42.26803913672472,0,0,NaN,0,NaN,NaN,NaN,0,0,0,0,0,27.799555835003364,9.52486311657716,19.7371138627708,0,50,0,50,50,66.24828841562254,50,66.24828841562254,100,-32.49657683124508,48.92445631830666,25.957749558197328,NaN,NaN,NaN,0
1564617600,10089.97,12320.4,9321.73,9600.86,11859.214576336206,7066.995000000001,2274.7754236637957,0,0,NaN,NaN,NaN,0,0,6621.786361005605,2099.897269280987,0,0,6755.490845057885,NaN,0,0,NaN,1.728900156316858,-1.728900156316858,NaN,NaN,NaN,NaN,0,0,0,81.32692177786431,-48.828390656040874,7.367821278447398,0,0,NaN,0,NaN,NaN,NaN,0,0,0,0,0,25.607711144606935,11.413615433351842,14.72406694169136,0,35,0,35,35,54.484881853198374,35,54.484881853198374,70,-38.96976370639674,38.16324133505926,36.06679892960517,NaN,NaN,NaN,NaN
1567296000,9600.86,10939.34,7701,8304.96,11603.240352036428,6977.243500000001,2351.246647963574,0,0,NaN,NaN,NaN,0,0,6557.31421873954,2246.3742584485885,0,0,6903.059336004753,NaN,0,0,NaN,1.8450680439021243,-1.8450680439021243,NaN,NaN,NaN,NaN,0,0,0,81.32692177786431,-48.828390656040874,18.221333095306186,0,0,NaN,0,NaN,NaN,NaN,0,0,0,0,0,22.059809589515016,15.190179473730998,6.702531379069609,0,35,0,35,35,65.38511670031137,35,65.38511670031137,70,-60.770233400622736,18.55136657983446,33.52218663043834,NaN,NaN,NaN,NaN
1569888000,8304.95,10540.49,7296.44,9159.48,11405.529934177142,6919.854000000001,2434.17806582286,0,0,NaN,NaN,NaN,0,0,6518.720394058171,2418.0022241969737,0,0,7117.956542099539,NaN,0,0,NaN,1.7720751456909363,-1.7720751456909363,NaN,NaN,NaN,NaN,0,0,0,81.32692177786431,-48.828390656040874,-4.544406024656803,0,0,NaN,0,NaN,NaN,NaN,0,0,0,0,0,20.494613837877388,15.913468305614819,3.5914046590502955,0,35,0,35,35,50.578402741426466,35,50.578402741426466,70,31.156805482852935,12.684926041492716,26.418960047282283,NaN,NaN,0,NaN
1572566400,9159.96,9600,6526,7555.92,11445.471663068234,6951.225000000001,2456.9783369317674,0,0,NaN,NaN,NaN,0,0,6547.036465313997,2591.3277552833483,0,0,7159.6673476138685,NaN,0,0,NaN,1.9458720388657336,-1.9458720388657336,NaN,NaN,NaN,NaN,0,0,0,79.12492266573783,-48.828390656040874,-24.96466153151454,0,0,NaN,0,NaN,NaN,NaN,0,0,0,0,0,18.07024557140957,17.967700971327076,-1.2918085608143954,0,30,0,30,30,59.483882208538645,30,59.483882208538645,60,-58.9677644170773,0.2763741442825894,15.535107574354159,NaN,NaN,NaN,NaN
1575158400,7555.92,7775,6430,7165.72,11219.168278329253,6847.3195000000005,2475.4707216707475,0,0,NaN,NaN,NaN,0,0,6464.2054947201195,2758.452243124792,0,0,7160.243790698262,NaN,0,0,NaN,1.9606820102415403,-1.9606820102415403,NaN,NaN,NaN,NaN,0,0,0,79.12492266573783,-48.72933119239688,-33.515439584546996,0,0,NaN,0,NaN,NaN,NaN,0,0,0,0,0,14.852794983560038,18.919597889194865,-5.628090532040166,0,30,0,30,30,41.29182429764794,30,41.29182429764794,60,-22.58364859529588,-12.63286936446984,3.417460158265832,NaN,NaN,NaN,0
1577836800,7165.72,9574.68,6854.67,9334.98,11438.173882716103,6939.818500000001,2441.463117283899,0,0,NaN,NaN,NaN,0,0,6535.987807963667,2941.3325998495866,0,0,7367.361524917475,NaN,0,0,NaN,1.7463515955445197,-1.7463515955445197,NaN,NaN,NaN,NaN,0,0,0,79.12492266573783,-48.72933119239688,-6.156064355165717,0,0,NaN,0,NaN,NaN,NaN,0,0,0,0,0,16.49542658750343,18.229103645165747,-2.9714427778716797,0,35,0,35,35,77.98867355671669,35,77.98867355671669,70,85.9773471134334,-5.751277249144245,-2.302501507195528,0,NaN,NaN,NaN
1580515200,9334.98,10522.51,8428.8,8525.07,11588.9343026904,7046.912500000001,2504.890697309602,0,0,NaN,NaN,NaN,0,0,6631.2323072069,3122.3505436706273,0,0,7477.6194749253345,NaN,0,0,NaN,1.8190896254609443,-1.8190896254609443,NaN,NaN,NaN,NaN,0,0,0,79.12492266573783,-48.72933119239688,-27.963739289285506,0,0,NaN,0,NaN,NaN,NaN,0,0,0,0,0,16.059094574758483,18.905697565988838,-3.4906863190805737,0,35,0,35,35,58.373724972003885,35,58.373724972003885,70,-46.74744994400777,-8.54813282200668,-6.027113791330801,NaN,NaN,NaN,NaN
1583020800,8523.33,9214.67,3858,6424.35,11520.26025878946,6981.766500000002,2443.272741210545,0,0,NaN,NaN,NaN,0,0,6570.28786538179,3306.1493410645326,0,0,7377.308096361017,NaN,0,0,NaN,2.1365070900418908,-2.1365070900418908,NaN,NaN,NaN,NaN,0,0,0,79.12492266573783,-48.828390656040874,-31.600180932309378,0,0,NaN,0,NaN,NaN,NaN,0,0,0,1,0,14.005433475436526,22.354721313765396,-8.44343437942595,0,50,0,50,50,74.82259530190113,50,74.82259530190113,100,-49.64519060380227,-22.67624589066935,-12.654463804897553,NaN,NaN,NaN,0
1585699200,6424.02,9478.66,6160,8624.28,11656.941872655341,7062.230000000001,2467.5181273446615,0,0,NaN,NaN,NaN,0,0,6638.487250205695,3509.4449397227872,0,0,7496.067325279016,NaN,0,0,NaN,1.8610342404549889,-1.8610342404549889,NaN,NaN,NaN,NaN,0,0,0,79.12492266573783,-48.828390656040874,-23.957386906319613,0,0,NaN,0,NaN,NaN,NaN,0,0,0,0,0,16.736661668104812,22.658090342211366,-6.603438678531006,0,45,0,45,45,80.29573732865217,45,80.29573732865217,90,70.59147465730435,-15.937372947342444,-14.678111375211198,NaN,NaN,NaN,NaN
1588291200,8624.68,10079,8106.7,9446.57,11908.119251360105,7204.308500000002,2500.4977486398975,0,0,NaN,NaN,NaN,0,0,6758.326853237392,3735.609085961994,0,0,7681.829484776252,NaN,0,0,NaN,1.7826594963831786,-1.7826594963831786,NaN,NaN,NaN,NaN,0,0,0,79.12492266573783,-48.828390656040874,-11.684229372382621,0,0,NaN,0,NaN,NaN,NaN,0,0,0,0,0,21.824228399251997,20.065405880310408,-0.2566359620078534,0,45,0,45,45,68.85395859622686,45,68.85395859622686,90,47.70791719245373,3.1757781172006267,-9.249792117902153,NaN,NaN,NaN,NaN
1590969600,9445.83,10428,8815.01,9136.2,12103.012284474906,7345.909500000002,2588.8067155250965,0,0,NaN,NaN,NaN,0,0,6884.874709659307,3966.753698378471,0,0,7820.340962416609,NaN,0,0,NaN,1.8004010610542684,-1.8004010610542684,NaN,NaN,NaN,NaN,0,0,0,70.60940611879573,-48.72933119239688,-3.8327930897755844,0,0,NaN,0,NaN,NaN,NaN,0,0,0,0,0,23.384675739122134,17.51367640963403,3.250926929118023,0,30,0,30,30,42.836736479227824,30,42.836736479227824,60,-25.673472958455648,14.37121203099138,-1.1435713881075533,NaN,NaN,NaN,0
1593561600,9135.91,11460,8905.84,11351.62,12513.014635835232,7714.6905000000015,2916.366364164771,0,0,NaN,NaN,NaN,0,0,7255.654843432332,4217.246068027797,0,0,8156.653251710265,NaN,0,0,NaN,1.6753328777442524,-1.6753328777442524,NaN,NaN,NaN,NaN,0,0,0,70.60940611879573,-48.72933119239688,32.954367619716116,0,0,NaN,0,NaN,NaN,NaN,0,0,0,0,0,26.42409318740695,14.800057752199983,8.974372024527574,0,30,0,30,30,76.1522092950498,30,76.1522092950498,60,92.30441859009959,27.917511018585596,10.136583052209408,0,NaN,NaN,NaN
1596240000,11351.61,12486.61,10546.15,11655,12830.725547465297,8112.847500000001,3394.969452534704,0,0,NaN,NaN,NaN,0,0,7684.930912737264,4464.702900951617,0,0,8489.829132499764,NaN,0,0,NaN,1.6864502112201347,-1.6864502112201347,NaN,NaN,NaN,NaN,0,0,0,70.60940611879573,-48.72933119239688,1.0435760340648041,0,0,NaN,0,NaN,NaN,NaN,0,0,0,0,0,27.35602122434231,12.176811006464805,13.784031985438858,0,35,0,35,35,46.828841415779806,35,46.828841415779806,70,23.65768283155961,38.47853352451217,22.50603540512908,NaN,NaN,0,NaN
1598918400,11655,12086,9813,10779.63,12807.602574848768,8481.254,4154.905425151233,0,0,NaN,NaN,NaN,0,0,8139.97163451878,4726.065173778144,0,0,8707.905405595026,NaN,0,0,NaN,1.7840205725484466,-1.7840205725484466,NaN,NaN,NaN,NaN,0,0,0,70.60940611879573,-48.72933119239688,-3.077380398296779,0,0,NaN,0,NaN,NaN,NaN,0,0,0,0,0,25.819926727635504,11.506849000628113,14.710989301548908,0,30,0,30,30,49.49088123158215,30,49.49088123158215,60,-38.98176246316431,38.139817356512516,30.685597074370097,NaN,NaN,NaN,NaN
1601510400,10779.63,14098.92,10363.76,13804.81,13339.09395159659,8981.8875,4624.681048403412,0,0,NaN,NaN,NaN,0,0,8683.207814095966,5036.616573363858,0,0,9193.324890776452,NaN,0,0,NaN,1.6652792733589328,-1.6652792733589328,NaN,NaN,NaN,NaN,0,0,0,70.60940611879573,-48.72933119239688,22.71799540947716,0,0,0.5600293563201202,0,NaN,NaN,NaN,0,0,0,0,0,26.714123793642376,10.366048789089886,18.276510275242263,0,30,0,30,30,73.50862184720218,30,73.50862184720218,60,87.01724369440434,43.8193637855126,37.15319486635414,0,NaN,NaN,NaN
1604188800,13803.69,19873.23,13215,19713.94,15662.391662009435,9762.835000000001,3863.278337990566,0,0,NaN,NaN,NaN,0,0,9393.041136214693,5399.358393386607,0,0,10195.288234512027,NaN,0,0,NaN,1.53469702743075,-1.53469702743075,NaN,NaN,NaN,NaN,0,0,0,70.60940611879573,-48.72933119239688,64.71246649907894,0,0,0.8759082077305671,0,NaN,NaN,NaN,0,0,0,0,0,32.46704477728864,8.712349168573606,26.155207669003175,0,45,0,45,45,90.23088495559936,45,90.23088495559936,90,90.46176991119874,56.37864402881996,45.097647028219846,NaN,NaN,NaN,NaN
1606780800,19713.94,29321.9,17580,28990.08,20902.707800029537,10948.804500000002,994.901199970469,0,0,NaN,NaN,NaN,0,0,10228.81493777415,5817.330453399574,0,0,11985.268402653739,NaN,0,0,NaN,1.4443373386488043,-1.4443373386488043,NaN,NaN,NaN,NaN,0,0,0,70.60940611879573,-48.72933119239688,40.836461328218384,0,0,1.2390067263198823,0,NaN,NaN,NaN,0,0,0,0,0,40.845155019763226,6.468350774444346,35.849677006439244,0,45,0,45,45,88.90160905621983,45,88.90160905621983,90,87.80321811243965,71.48464935394436,55.276938831938445,NaN,NaN,NaN,NaN
1609459200,28990.08,41986.37,27678,33137.74,25975.068957962503,12177.988500000001,-1619.0919579625006,0,0,NaN,NaN,NaN,0,0,10945.430583932603,6276.449527820173,0,0,13999.789507162906,NaN,0,0,NaN,1.4676980129478143,-1.4676980129478143,NaN,NaN,NaN,NaN,0,0,0,68.16739562351361,-47.93062900400157,35.12750411011756,0,0,1.6011918889473336,0,NaN,NaN,NaN,0,0,1,0,0,45.55872386941996,4.56289733195022,43.03631354470778,0,50,0,50,50,70.81552716251436,50,70.81552716251436,100,41.63105432502872,81.56183498484677,65.9108166236006,NaN,NaN,0,NaN
1612137600,33137.75,58367,32333,45231.75,33815.9823197264,13901.513,-6012.956319726394,0,0,NaN,NaN,NaN,0,0,11760.123006823136,6777.309974542219,0,0,16974.261935052153,NaN,0,0,NaN,1.4539300965322952,-1.4539300965322952,NaN,NaN,NaN,NaN,0,0,0,68.16739562351361,-47.93062900400157,39.79961319716463,0,0,1.8589404515056192,0,NaN,NaN,NaN,0,0,1,0,0,47.76288358482352,3.3070863189500863,48.623696866001204,0,50,0,50,50,74.94601377796069,50,74.94601377796069,100,49.892027555921366,87.06082777019112,75.50547191302188,NaN,NaN,0,NaN
1614556800,45231.74,61788.45,45042.13,58800,44142.21947427216,16337.148000000001,-11467.923474272164,0,0,NaN,NaN,NaN,0,0,12843.754147045835,7357.145952694376,0,0,20957.66556028528,NaN,0,0,NaN,1.4032670604871729,-1.4032670604871729,NaN,NaN,NaN,NaN,0,0,0,69.03578238994741,-47.93062900400157,47.645511495722964,0,0,2.0780543646892764,0,NaN,NaN,NaN,0,0,0,0,0,50.85535636463781,2.4513165064602855,54.084770737041346,0,45,0,45,45,84.25865183557949,45,84.25865183557949,90,78.51730367115897,90.70422872514298,83.05319349318188,NaN,NaN,NaN,NaN
1617235200,58800.01,64899,47044.01,57798.77,51680.75448094005,18747.0435,-14186.66748094005,0,0,NaN,NaN,NaN,0,0,14049.873264935979,7950.598164849632,0,0,24466.342173591445,NaN,0,0,NaN,1.470794828577937,-1.470794828577937,NaN,NaN,NaN,NaN,0,0,0,69.03578238994741,-47.93062900400157,61.16194662280061,0,0,2.077966176611579,0,NaN,NaN,NaN,0,0,0,0,0,48.73745838567586,1.8700363148351613,57.42788674055023,0,35,0,35,35,35.97467581622716,35,35.97467581622716,70,-1.9493516324543265,92.63798665807599,88.11984338834421,NaN,NaN,NaN,0
1619827200,57798.77,59592.2,30000,37279.31,53708.68012319898,20195.761000000002,-13317.158123198973,0,0,NaN,NaN,NaN,0,0,15145.336354342571,8532.743361432496,0,0,25686.624823725593,NaN,0,0,NaN,1.8890909308380228,-1.8890909308380228,NaN,NaN,NaN,NaN,0,0,0,69.03578238994741,-47.93062900400157,3.881659876057702,0,0,2.0033779729233236,0,NaN,NaN,NaN,0,0,0,1,0,42.83958281693916,7.999637509165716,51.053600996262674,0,50,0,50,50,86.43529509825814,50,86.43529509825814,100,-72.87059019651629,68.976289125213,82.88197126393513,NaN,NaN,NaN,NaN
1622505600,37276.23,41322.55,28800,35060,55198.895806977045,21490.787,-12217.321806977048,0,0,NaN,NaN,NaN,0,0,16196.679088999806,9102.459367219239,0,0,26579.327221466014,NaN,0,0,NaN,1.990360982470867,-1.990360982470867,NaN,NaN,NaN,NaN,0,0,0,69.03578238994741,-47.93062900400157,-16.606258713590268,0,0,1.810735010623578,0,NaN,NaN,NaN,0,0,0,0,0,35.219779286356776,13.53584465707476,43.69849629736063,0,40,0,40,40,55.35550048746004,40,55.35550048746004,80,-30.71100097492008,44.51297758623039,69.65688597511394,NaN,NaN,NaN,0
1625097600,35060,42414.61,29301.56,41495.01,57333.24874396887,23187.7415,-10957.765743968874,0,0,NaN,NaN,NaN,0,0,17636.45942512162,9644.321822685224,0,0,27999.86843846925,NaN,0,0,NaN,1.895504330432659,-1.895504330432659,NaN,NaN,NaN,NaN,0,0,0,68.16739562351361,-47.93062900400157,0.12338451641436121,0,0,1.6049739638707878,0,NaN,NaN,NaN,0,0,0,0,0,32.16621400926518,15.455544482886259,41.63234722413877,0,30,0,30,30,67.40033853882147,30,67.40033853882147,60,74.80067707764296,34.95276560885706,55.71498718707605,0,NaN,NaN,NaN
1627776000,41499,50505,37300,47112.5,60014.60808639742,25185.0805,-9644.447086397417,0,0,NaN,NaN,NaN,0,0,19377.8334720459,10231.344660163079,0,0,29820.11906337694,NaN,0,0,NaN,1.8483915732191645,-1.8483915732191645,NaN,NaN,NaN,NaN,0,0,0,68.16739562351361,-39.98015241737208,-6.06958410455139,0,0,1.4337034644007762,0,NaN,NaN,NaN,0,0,0,0,0,30.75484424668107,14.265441493281955,43.76147096749304,0,30,0,30,30,58.80184427430102,30,58.80184427430102,60,57.60368854860203,36.7666542776671,45.851588766063784,NaN,NaN,NaN,NaN
1630454400,47110.33,52944.96,39600,43824.43,61844.35946952553,26909.553000000004,-8025.253469525527,0,0,NaN,NaN,NaN,0,0,20935.59766699857,10805.607801387569,0,0,31153.862962102947,NaN,0,0,NaN,1.9575253696571733,-1.9575253696571733,NaN,NaN,NaN,NaN,0,0,0,68.16739562351361,-39.98015241737208,11.581782832676298,0,0,1.1690714163043192,0,NaN,NaN,NaN,0,0,0,0,0,26.874740456805725,14.388331968463566,43.19611807943818,0,30,0,30,30,48.2435149167459,30,48.2435149167459,60,-36.4870298334918,29.607828023393107,37.19775322345859,NaN,NaN,NaN,NaN
1633046400,43828.89,66999,43287.44,61343.68,66456.94126628869,29550.483500000002,-7355.974266288678,0,0,NaN,NaN,NaN,0,0,23106.754873921393,11373.177394756742,0,0,34029.08363237885,NaN,0,0,NaN,1.7726055744734397,-1.7726055744734397,NaN,NaN,NaN,NaN,0,0,0,68.16739562351361,-39.98015241737208,20.994110519982137,0,0,1.0824866256726178,0,NaN,NaN,NaN,0,0,0,0,0,25.37861140895828,13.719677670241124,44.285155977450415,0,30,0,30,30,67.40208944272408,30,67.40208944272408,60,74.80417888544817,29.58810190836685,32.7393528848235,0,NaN,NaN,NaN
1635724800,61346.17,69000,53327,56987.97,69228.62211956369,32078.664500000003,-5071.293119563681,0,0,NaN,NaN,NaN,0,0,25771.31960289367,11974.287573260492,0,0,36215.64423881896,NaN,0,0,NaN,1.9158687537182937,-1.9158687537182937,NaN,NaN,NaN,NaN,0,0,0,68.16739562351361,-39.98015241737208,7.326093657531612,0,0,0.929514484218267,0,NaN,NaN,NaN,0,0,0,0,0,22.332340789089994,14.17733667140286,42.76916439758033,0,30,0,30,30,47.62194454438669,30,47.62194454438669,60,-35.24388908877338,22.03028587635305,28.387559683306883,NaN,NaN,NaN,NaN
1638316800,56998.35,59118.84,42333,46211.24,69956.84391315612,33958.0125,-2040.818913156123,0,0,NaN,NaN,NaN,0,0,28027.72809203039,12455.471273557238,0,0,37167.605739883824,NaN,0,0,NaN,2.201847482255129,-2.201847482255129,NaN,NaN,NaN,NaN,0,0,0,68.16739562351361,-39.98015241737208,-34.44909037844661,0,0,0.7188303321511993,0,NaN,NaN,NaN,0,0,0,0,0,18.758083685956034,17.626253067304813,36.87841311032114,0,35,0,35,35,70.78170647756542,35,70.78170647756542,70,-71.56341295513086,3.1534600466093274,19.242337319200846,NaN,NaN,NaN,NaN
1640995200,46211.24,47990,32933.33,38491.93,69636.4204025765,35410.2805,1184.1405974235022,0,0,NaN,NaN,NaN,0,0,30067.178272701127,12798.298129435287,0,0,37293.73185989489,NaN,0,0,NaN,2.484455475070191,-2.484455475070191,NaN,NaN,NaN,NaN,0,0,0,68.16739562351361,-47.93062900400157,-14.781198763902797,0,0,0.4952566470902471,0,NaN,NaN,NaN,0,0,0,0,0,14.633079634261655,22.26560185392378,28.591830102112755,0,40,0,40,40,67.03803642223906,40,67.03803642223906,80,-54.07607284447812,-20.173848094734925,4.441299278796577,NaN,NaN,NaN,NaN
1643673600,38492.53,45855,34322,43192.66,69267.07452794194,37113.103500000005,4959.132472058071,0,0,NaN,NaN,NaN,0,0,32495.624693032198,13092.518483804377,0,0,37855.534539904904,NaN,0,0,NaN,2.346925548159234,-2.346925548159234,NaN,NaN,NaN,NaN,0,0,0,68.10060410380368,-39.98015241737208,14.310430405045992,0,0,0.4219307268887124,0,NaN,NaN,NaN,0,0,0,0,0,14.570790134674683,22.674243081780393,26.085019940472307,0,35,0,35,35,58.50676125824869,35,58.50676125824869,70,47.01352251649738,-21.679633208576274,-7.065633641394675,NaN,NaN,NaN,NaN
1646092800,43189.61,48240,37161.88,45528.45,68882.38579344313,38821.945,8761.504206556863,0,0,NaN,NaN,NaN,0,0,34832.61994419772,13492.810909589107,0,0,38586.28839324729,NaN,0,0,NaN,2.282200658271754,-2.282200658271754,NaN,NaN,NaN,NaN,0,0,0,68.10060410380368,-39.98015241737208,-45.24878026178788,0,0,0.38177253228370744,0,NaN,NaN,NaN,0,0,0,0,0,15.912497956701342,19.852354186505668,27.348861070224974,0,35,0,35,35,51.664738020681355,35,51.664738020681355,70,33.32947604136272,-10.50524608205324,-11.428606770613625,NaN,NaN,0,NaN
1648771200,45525.25,47469.4,37590,37644.1,67499.21311847604,40121.4,12743.58688152396,0,0,NaN,NaN,NaN,0,0,36935.61828318783,13846.930086582586,0,0,38496.55616531898,NaN,0,0,NaN,2.5227818302702465,-2.5227818302702465,NaN,NaN,NaN,NaN,0,0,0,68.10060410380368,-46.18929215380461,-53.42919100975452,0,0,0.09557373471579397,0,NaN,NaN,NaN,0,0,0,0,0,15.352550482331225,20.815012215933418,23.649940933472532,0,30,0,30,30,71.76191842522891,30,71.76191842522891,60,-83.52383685045781,-14.693725973757141,-14.514849997705868,NaN,0,NaN,NaN
1651363200,37640.35,40038.27,25338.53,31784.05,65396.549941335536,41171.621,16946.692058664463,0,0,NaN,NaN,NaN,0,0,38987.52285247856,14275.288688605118,0,0,37857.26986386003,NaN,0,0,NaN,2.7935015625696855,-2.7935015625696855,NaN,NaN,NaN,NaN,0,0,0,68.10060410380368,-47.93062900400157,-25.91096851587311,0,0,-0.03699349635060741,0,NaN,NaN,NaN,0,0,0,0,0,12.847234153038455,23.75042161681716,16.921837645043478,0,45,0,45,45,65.03114353960163,45,65.03114353960163,90,-40.06228707920327,-29.41617270418003,-20.060308011598394,NaN,NaN,NaN,0
1654041600,31784.18,31964.56,17567.45,19985.62,64425.072952522576,41480.6615,18536.25004747743,0,0,NaN,NaN,NaN,0,0,39715.497021921736,14497.136004228752,0,0,36155.207972063836,NaN,0,0,NaN,3.654200713267945,-3.654200713267945,NaN,NaN,NaN,NaN,0,0,0,68.10060410380368,-48.72933119239688,-38.89107397058197,0,0,-0.31498416218616665,0,NaN,NaN,NaN,0,0,0,0,0,9.972233742597998,30.349296084299137,6.155306815094629,0,45,0,45,45,84.94510489575933,45,84.94510489575933,90,-79.89020979151866,-49.49842191011413,-30.128540244083,NaN,NaN,NaN,NaN
1656633600,19985.62,24666,18755.75,23307.44,63967.5561260774,41660.3365,19353.1168739226,0,0,NaN,NaN,NaN,0,0,40049.404155244105,14830.243049654597,0,0,34931.61102234347,NaN,0,0,NaN,3.0671082818187556,-3.0671082818187556,NaN,NaN,NaN,NaN,0,0,0,68.10060410380368,-48.828390656040874,-63.29942441977433,0,0,-0.4492486888646677,0,NaN,NaN,NaN,0,0,0,0,0,10.265768508133034,31.208544256480355,2.0126333645056156,0,40,0,40,40,57.75352408731786,40,57.75352408731786,80,35.507048174635706,-50.15523132947411,-38.46073736199564,NaN,NaN,0,NaN
1659312000,23307.44,25214.57,19513.74,20048.26,64837.846579597885,41213.245500000005,17588.64442040212,0,0,NaN,NaN,NaN,0,0,39317.63826892385,15173.614525260145,0,0,33514.149020215526,NaN,0,0,NaN,3.1512629029668084,-3.1512629029668084,NaN,NaN,NaN,NaN,0,0,0,68.10060410380368,-49.55404221532217,-51.230840222056365,0,0,-0.6500177603913333,0,NaN,NaN,NaN,0,0,0,0,0,9.785762459997455,33.207478947142256,-3.8428049658998398,0,45,0,45,45,74.07131120797872,45,74.07131120797872,90,-58.142622415957455,-54.316590533793935,-46.28168100662171,NaN,NaN,NaN,NaN
1661990400,20048.27,22800,18153.13,19426.11,65788.99383515585,40527.664000000004,15266.334164844156,0,0,NaN,NaN,NaN,0,0,38281.64315396612,15455.969144039589,0,0,32172.431018290237,NaN,0,0,NaN,2.9926942327605515,-2.9926942327605515,NaN,NaN,NaN,NaN,0,0,0,67.71790483342545,-49.55404221532217,-51.69139186056641,0,0,-0.7190843658613463,0,NaN,NaN,NaN,0,0,0,0,0,8.78558087442692,32.94491556711393,-8.970379580858895,0,45,0,45,45,57.613017779162476,45,57.613017779162476,90,-25.22603555832495,-57.948767576940895,-52.39259403551406,NaN,NaN,NaN,0
1664582400,19423.57,21080,18131,20489.94,65896.76836173722,39290.5735,12684.37863826278,0,0,NaN,NaN,NaN,0,0,36795.561565818134,15790.885697383139,0,0,31059.81282607212,NaN,0,0,NaN,2.7036455610356422,-2.7036455610356422,NaN,NaN,NaN,NaN,0,0,0,67.71790483342545,-52.04831959322814,-48.61697000042753,0,0,-0.5682580205653018,0,NaN,NaN,NaN,0,0,0,0,0,9.019304821864688,30.143704551131496,-11.404846757036667,0,45,0,45,45,56.66455250309252,45,56.66455250309252,90,23.32910500618505,-53.53058657259718,-54.14711062274625,NaN,NaN,0,NaN
1667260800,20489.55,21478.8,15460,17167.33,63898.2796139305,37208.94,10519.60038606951,0,0,NaN,NaN,NaN,0,0,34598.85342410009,16095.448713330401,0,0,29736.71922358906,NaN,0,0,NaN,2.8434637137172105,-2.8434637137172105,NaN,NaN,NaN,NaN,0,0,0,67.71790483342545,-53.08521701079416,-18.089784214465055,0,0,-0.49096018306961564,0,NaN,NaN,NaN,0,0,0,0,1,8.561913553420347,29.855210333385283,-16.192882662939148,0,50,0,50,50,74.74456425422564,50,74.74456425422564,100,-49.489128508451266,-55.21597033686876,-54.85579420684114,NaN,NaN,NaN,0
1669852800,17165.44,18385.36,16273.4,16530.35,61527.75963885774,35145.519,8763.278361142267,0,0,NaN,NaN,NaN,0,0,32499.73946966892,16408.774906428363,0,0,28478.96977372344,NaN,0,0,NaN,2.713272281759322,-2.713272281759322,NaN,NaN,NaN,NaN,0,0,0,67.71790483342545,-53.21548426439486,-47.79101219429713,0,0,-0.5422470748386597,0,NaN,NaN,NaN,0,0,0,0,0,7.341024302955404,30.05471453768226,-21.690598324310372,0,40,0,40,40,56.729546156132116,40,56.729546156132116,80,-33.459092312264225,-60.78473039577461,-57.03956124878769,NaN,NaN,NaN,0
1672531200,16531.83,23966,16490,23128.86,61307.8620499556,34437.9965,7568.130950044408,0,0,NaN,NaN,NaN,0,0,31733.224019256868,16996.92329451041,0,0,27969.435509559302,NaN,0,0,NaN,2.1788899588402244,-2.1788899588402244,NaN,NaN,NaN,NaN,0,0,0,67.71790483342545,-53.21548426439486,-20.73923375084898,0,0,-0.3394072515589414,0,NaN,NaN,NaN,0,0,0,0,0,12.672074351954905,27.81413390401194,-18.64911099472687,0,45,0,45,45,87.48832798333065,45,87.48832798333065,90,84.97665596666128,-39.36250522496852,-51.37395329604551,NaN,NaN,NaN,NaN
1675209600,23127.15,25288.88,21366.45,23145.32,61155.21930649747,33842.2625,6529.305693502527,0,0,NaN,NaN,NaN,0,0,31081.127257582357,17632.531720618845,0,0,27509.99593722032,NaN,0,0,NaN,2.117807090973203,-2.117807090973203,NaN,NaN,NaN,NaN,0,0,0,67.71790483342545,-53.21548426439486,-25.179920797558324,0,0,-0.3870169733432448,0,NaN,NaN,NaN,0,0,0,0,0,15.971220715726929,23.081653750598843,-15.549700653986314,0,30,0,30,30,35.21910631874752,30,35.21910631874752,60,10.438212637495035,-18.4762039779062,-39.74318394820424,NaN,NaN,0,NaN
1677628800,23144.37,29190.04,19568.52,28474.4,60363.86763532076,33191.232,6018.596364679244,0,0,NaN,NaN,NaN,0,0,30501.394605495123,18396.908906657434,0,0,27601.843943199336,NaN,0,0,NaN,1.8979376738837894,-1.8979376738837894,NaN,NaN,NaN,NaN,0,0,0,67.61833216720102,-53.21548426439486,7.042820882232902,0,0,-0.30580709284306834,0,NaN,NaN,NaN,0,0,0,0,0,21.82956237814749,17.912515700164224,-8.9874292679496,0,40,0,40,40,76.7527012363951,40,76.7527012363951,80,73.50540247279018,9.739310036175809,-21.338747502271286,NaN,NaN,NaN,NaN
1680307200,28475.41,31050,26965.14,29247.14,58746.23895860432,32297.964,5849.689041395679,0,0,NaN,NaN,NaN,0,0,29782.905231591005,19164.118108663195,0,0,27758.53880575178,NaN,0,0,NaN,1.8364842061300837,-1.8364842061300837,NaN,NaN,NaN,NaN,0,0,0,67.61833216720102,-53.08521701079416,-2.0908851276190643,0,0,-0.34855608194679855,0,NaN,NaN,NaN,0,0,0,0,0,23.81000614179779,13.374883041652032,-5.625381599771447,0,30,0,30,30,40.49564641538301,30,40.49564641538301,60,20.99129283076601,28.3448990114458,-0.9504411718332013,NaN,NaN,0,NaN
1682899200,29240.49,29850,25810,27223.08,57455.08961315808,31467.896500000003,5480.70338684192,0,0,NaN,NaN,NaN,0,0,29082.257051024357,19904.09917881459,0,0,27707.542729013516,NaN,0,0,NaN,1.8611455685585065,-1.8611455685585065,NaN,NaN,NaN,NaN,0,0,0,67.61833216720102,-53.08521701079416,-14.894815100078851,0,0,-0.4726377934619131,0,NaN,NaN,NaN,0,0,0,0,0,22.947188841126188,11.866388094133344,-6.3045014905944115,0,25,0,25,25,47.0561819779306,25,47.0561819779306,50,-44.112363955861206,31.79159631337937,15.016039636028438,NaN,NaN,NaN,NaN
1685577600,27221.54,31443.67,24750,30466.72,52003.18621507421,29924.048499999997,7844.910784925789,0,0,NaN,NaN,NaN,0,0,28082.18541747162,20614.921794573365,0,0,27970.321516726515,NaN,0,0,NaN,1.7494758350569095,-1.7494758350569095,NaN,NaN,NaN,NaN,0,0,0,67.61833216720102,-53.08521701079416,-5.671356512434562,0,0,-0.5076776241103339,0,NaN,NaN,NaN,0,0,0,0,0,23.184097038561685,10.034038814138654,-4.86783231625261,0,30,0,30,30,59.87992635828577,30,59.87992635828577,60,59.75985271657155,39.56107200672189,27.400590561060653,NaN,NaN,NaN,NaN
1688169600,30466.73,31862.21,28850,29230.67,46795.11639777721,28536.183500000003,10277.250602222794,0,0,NaN,NaN,NaN,0,0,27160.244904877254,21127.836196702927,0,0,28090.354705609705,NaN,0,0,NaN,1.7455539357666774,-1.7455539357666774,NaN,NaN,NaN,NaN,0,0,0,67.61833216720102,-53.08521701079416,-6.898078489132839,0,0,-0.6496102003729782,0,NaN,NaN,NaN,0,0,0,0,0,21.760829154806586,9.283693975024587,-5.036965008576796,0,25,0,25,25,38.094979329677344,25,38.094979329677344,50,-26.189958659354687,40.14062141379264,34.716752806337084,NaN,NaN,NaN,NaN
1690848000,29230.61,30222,25234.76,25932.45,43897.55158486865,27522.244,11146.936415131346,0,0,NaN,NaN,NaN,0,0,26386.9064904906,21502.78089457966,0,0,27884.839971742113,NaN,0,0,NaN,1.8150434448717943,-1.8150434448717943,NaN,NaN,NaN,NaN,0,0,0,67.61833216720102,-53.08521701079416,-52.71282858336251,0,0,-0.7773270663138492,0,NaN,NaN,NaN,0,0,0,0,0,19.11978763159814,10.888123189448116,-7.965992216006694,0,25,0,25,25,58.90537181180829,25,58.90537181180829,50,-67.81074362361657,27.09690502346244,33.777221228723526,NaN,0,NaN,NaN
1693526400,25931.51,27500,24900,26961,42528.292656462065,26945.697500000002,11363.102343537937,0,0,NaN,NaN,NaN,0,0,25921.300900097074,21929.75858893279,0,0,27796.85521252858,NaN,0,0,NaN,1.7561198953072277,-1.7561198953072277,NaN,NaN,NaN,NaN,0,0,0,67.61833216720102,-53.08521701079416,-12.687963372826355,0,0,-0.8291629481327438,0,NaN,NaN,NaN,0,0,0,0,0,16.57224701555627,10.97687252105259,-9.133243401863426,0,25,0,25,25,37.076058125921435,25,37.076058125921435,50,24.15211625184287,20.278518469743716,29.407721134051297,NaN,NaN,0,NaN
1696118400,26961,35157.23,26521.32,34656.4,40702.91858680826,26518.884500000004,12334.850413191747,0,0,NaN,NaN,NaN,0,0,25637.48789502672,22500.041391074818,0,0,28450.14519228776,NaN,0,0,NaN,1.5939902127151526,-1.5939902127151526,NaN,NaN,NaN,NaN,0,0,0,65.1132449380859,-52.04831959322814,15.076573718436784,0,0,-0.7124004022438659,0,NaN,NaN,NaN,0,0,0,0,0,18.610498776664958,9.914899377383412,-3.4794773300802384,0,30,0,30,30,75.23077364126479,30,75.23077364126479,60,90.46154728252957,29.877633140101988,28.77568463227862,0,NaN,NaN,NaN
1698796800,34656.38,38480,34079.46,37732.27,38516.7429771475,26129.075500000006,13741.408022852509,0,0,NaN,NaN,NaN,0,0,25397.85104201238,23191.60603130875,0,0,29334.157078736545,NaN,0,0,NaN,1.5361654819199329,-1.5361654819199329,NaN,NaN,NaN,NaN,0,0,0,65.1132449380859,-52.04831959322814,9.818990499678705,0,0,-0.5754908719990137,0,NaN,NaN,NaN,0,0,0,0,0,21.6726098198484,8.266020138673161,4.828605988051559,0,30,0,30,30,62.42750374705242,30,62.42750374705242,60,64.85500749410484,43.99486288651584,32.97698892419572,NaN,NaN,NaN,NaN
1701388800,37732.27,45000,37618.25,42288.06,39738.195419735144,26361.273500000003,12984.351580264864,0,0,NaN,NaN,NaN,0,0,25546.006239400846,23912.102501169287,0,0,30567.862118856872,NaN,0,0,NaN,1.484626837646241,-1.484626837646241,NaN,NaN,NaN,NaN,0,0,0,65.1132449380859,-52.04831959322814,15.141677584362217,0,0,-0.3029315433701063,0,NaN,NaN,NaN,0,0,0,0,0,24.79617795444783,6.929333858169195,12.824642450687037,0,30,0,30,30,60.0242418702961,30,60.0242418702961,60,60.0484837405922,56.10135252856792,40.91820370481059,NaN,NaN,NaN,NaN
1704067200,42288.58,49102.29,38501,42548.08,41876.27828268282,26899.475000000006,11922.671717317195,0,0,NaN,NaN,NaN,0,0,25921.286398173208,24753.101120039486,0,0,31708.835250394313,NaN,0,0,NaN,1.5024590830607623,-1.5024590830607623,NaN,NaN,NaN,NaN,0,0,0,65.1132449380859,-52.04831959322814,-5.606035284506383,0,0,0.09522150034976082,0,NaN,NaN,NaN,0,0,0,0,0,23.796613738406695,5.832329795093006,16.688415806226107,0,40,0,40,40,41.09016370627823,40,41.09016370627823,80,-2.18032741255646,60.69336184039347,49.32603951504895,NaN,NaN,NaN,0
1706745600,42545.47,64100,41846.04,61179.03,49762.822249586774,28959.145500000002,8155.468750413231,0,0,NaN,NaN,NaN,0,0,27412.63595283272,25837.855855041045,0,0,34515.520464642475,NaN,0,0,NaN,1.4060345697658727,-1.4060345697658727,NaN,NaN,NaN,NaN,0,0,0,65.1132449380859,-52.04831959322814,24.740689021860952,0,0,0.5414637542715928,0,NaN,NaN,NaN,0,0,0,0,0,25.607180840352125,4.666612383257462,22.59549266706615,0,30,0,30,30,72.28660155164542,30,72.28660155164542,60,84.57320310329084,68.86434723101547,58.21777333436591,0,NaN,NaN,NaN
1709251200,61179.03,73835.57,59224.68,71288.9,58957.92917707574,31358.218500000006,3758.5078229242754,0,0,NaN,NaN,NaN,0,0,28988.594915604983,26910.058475435548,0,0,38017.747087057476,NaN,0,0,NaN,1.3801271870575302,-1.3801271870575302,NaN,NaN,NaN,NaN,0,0,0,65.1132449380859,-52.04831959322814,49.825085357722415,0,0,0.988247327561379,0,NaN,NaN,NaN,0,0,0,0,0,30.84422308248679,3.4374672648748206,31.010171356246975,0,45,0,45,45,82.50133100966084,45,82.50133100966084,90,75.0026620193217,78.80229492021313,67.18310113266398,NaN,NaN,NaN,NaN
1711929600,71291.5,72777,59040.3,60622.1,63236.09113146283,33386.910500000005,3537.729868537175,0,0,NaN,NaN,NaN,0,0,30637.609753265348,27986.803718492116,0,0,40170.54260257581,NaN,0,0,NaN,1.487839381291847,-1.487839381291847,NaN,NaN,NaN,NaN,0,0,0,65.1132449380859,-52.04831959322814,-3.4284592462084067,0,0,1.138621430868743,0,NaN,NaN,NaN,0,0,0,0,0,31.831373401607493,7.710505911869258,29.875617623529845,0,35,0,35,35,77.11283280645574,35,77.11283280645574,70,-84.22566561291147,62.52572168944284,67.4612604020312,NaN,0,NaN,NaN
1714521600,60621.2,71980,56500,67472.41,68366.4043226902,35789.22550000001,3212.0466773098196,0,0,NaN,NaN,NaN,0,0,32605.57767200018,29334.537309708805,0,0,42770.72044994954,NaN,0,0,NaN,1.4845992781535522,-1.4845992781535522,NaN,NaN,NaN,NaN,0,0,0,61.39266473667353,-49.55404221532217,1.4782593343879888,0,0,1.1360341767967257,0,NaN,NaN,NaN,0,0,0,0,0,32.3358988859674,9.794631852434502,30.684312980240364,0,30,0,30,30,60.2439773397512,30,60.2439773397512,60,60.487954679502394,54.07461825403589,63.686994606067636,NaN,NaN,NaN,NaN
1717200000,67473.07,71974.04,58414.28,62668.26,71679.28039485737,37898.14150000001,4117.002605142654,0,0,NaN,NaN,NaN,0,0,34479.999153324265,30521.490497827886,0,0,44665.72421662101,NaN,0,0,NaN,1.5656348760293914,-1.5656348760293914,NaN,NaN,NaN,NaN,0,0,0,61.39266473667353,-49.55404221532217,32.593275311056104,0,0,0.8659013741506718,0,NaN,NaN,NaN,0,0,0,0,0,29.377937772656054,12.072467197964121,28.844218624062577,0,25,0,25,25,48.66928582732456,25,48.66928582732456,50,-47.338571654649115,41.525392432822926,55.864769154668565,NaN,NaN,NaN,NaN
1719792000,62669.14,70000,53499.9,64609.62,74554.43520660623,40270.25600000001,5986.07679339379,0,0,NaN,NaN,NaN,0,0,36842.31980335234,31718.029528634495,0,0,46565.14286265711,NaN,0,0,NaN,1.614639896249683,-1.614639896249683,NaN,NaN,NaN,NaN,0,0,0,61.39266473667353,-49.55404221532217,-22.831853230272664,0,0,0.7946751348571681,0,NaN,NaN,NaN,0,0,0,0,0,26.81984465977506,11.840204765069927,30.498561619349683,0,30,0,30,30,44.767050061235956,30,44.767050061235956,60,29.534100122471916,38.50812133282376,48.314651297107794,NaN,NaN,0,NaN
1722470400,64609.61,65593.56,49050.01,58968.37,75777.81791167168,42392.157,9006.496088328313,0,0,NaN,NaN,NaN,0,0,39261.222807342165,32923.29319604058,0,0,47746.4025900231,NaN,0,0,NaN,1.753600220391776,-1.753600220391776,NaN,NaN,NaN,NaN,0,0,0,61.39266473667353,-49.55404221532217,-13.546980070686091,0,0,0.8009943446227141,0,NaN,NaN,NaN,0,0,0,0,0,22.46369606973579,13.18186592678873,28.722449336390554,0,35,0,35,35,52.20286888564022,35,52.20286888564022,70,-34.40573777128044,25.484808645429343,38.44717760362835,NaN,NaN,NaN,0
1725148800,58968.37,66550,52530,63301.25,77742.75090285276,44400.7765,11058.802097147243,0,0,NaN,NaN,NaN,0,0,41288.27367010698,34074.56799232791,0,0,49227.81662906852,NaN,0,0,NaN,1.7522477454654966,-1.7522477454654966,NaN,NaN,NaN,NaN,0,0,0,61.39266473667353,-49.55404221532217,-33.19398307033446,0,0,0.6002321986923299,0,NaN,NaN,NaN,0,0,0,0,0,20.86788397336248,12.888530161212339,30.547915658573597,0,30,0,30,30,56.01593506753248,30,56.01593506753248,60,52.03187013506497,23.48149120922193,31.466430516398667,NaN,NaN,NaN,NaN
1727740800,63305.52,73624.98,58863.9,70197.83,80402.86823290156,46753.402,13103.935767098446,0,0,NaN,NaN,NaN,0,0,43643.51787972911,35320.47915976215,0,0,51224.960759633424,NaN,0,0,NaN,1.7307429109367112,-1.7307429109367112,NaN,NaN,NaN,NaN,0,0,0,61.39266473667353,-49.55404221532217,-25.57116719300542,0,0,0.46956450160264573,0,NaN,NaN,NaN,0,0,0,0,0,21.629553893466873,11.719411979639718,34.84047169512917,0,30,0,30,30,61.70482735958656,30,61.70482735958656,60,63.409654719173126,29.702388377953934,29.162264517427726,NaN,NaN,NaN,NaN
1730419200,70198.02,99860,66783.77,96465.42,89056.56920281642,50152.953,11249.336797183583,0,0,49974.74697520664,NaN,NaN,0,0,46389.06332669034,36903.02289962316,0,0,55533.575925382625,NaN,0,0,NaN,1.6164162554012602,-1.6164162554012602,NaN,NaN,NaN,NaN,0,0,0,56.55735656698686,-49.55404221532217,16.53387423445527,0,0,0.5680472104048682,0,NaN,NaN,NaN,0,0,0,0,0,27.39053785487913,9.747493250070553,42.663859271389086,0,45,0,45,45,87.20015180218712,45,87.20015180218712,90,84.40030360437426,46.18242172970154,33.976258294111446,NaN,NaN,NaN,NaN
1733011200,96464.95,108388.88,91271.19,93354.22,95289.84008952159,53358.30699999999,11426.773910478398,0,0,52078.72193388429,NaN,NaN,0,0,49160.70824282968,38341.05096491253,0,0,59135.54202772714,NaN,0,0,NaN,1.6799070979961392,-1.6799070979961392,NaN,NaN,NaN,NaN,0,0,0,56.55735656698686,-49.55404221532217,12.432917225699867,0,0,0.528496437903412,0,NaN,NaN,NaN,0,0,0,0,0,28.071302955517208,9.895503282648178,44.51080279790381,0,40,0,40,40,54.46549386913136,40,54.46549386913136,80,-28.930987738262715,47.356430514564835,38.871119712624356,NaN,NaN,NaN,0
1735689600,93347.59,109358.01,89028.64,102411.26,102354.30809817044,57117.71599999999,11881.123901829538,0,0,54440.39418595043,NaN,NaN,0,0,52527.7324732807,39625.56783462631,0,0,63257.03897746741,NaN,0,0,NaN,1.6742799030091624,-1.6742799030091624,NaN,NaN,NaN,NaN,0,0,0,56.55735656698686,-49.55404221532217,-4.213393398566783,0,0,0.503559272514644,0,NaN,NaN,NaN,0,0,0,0,0,28.818172476151005,9.142320137595979,46.788500072171836,0,35,0,35,35,62.70430006766892,35,62.70430006766892,70,55.40860013533784,51.73072686653516,44.634192636344636,NaN,NaN,NaN,NaN
1738368000,102414.05,102781.65,78167.81,84297.73,104787.78362684284,59809.26649999999,14830.749373157145,0,0,56164.157600550956,NaN,NaN,0,0,55269.83428441534,40480.58947474106,0,0,65260.914312946705,NaN,0,0,79.16666666666667,1.8882113584553464,-1.8882113584553464,NaN,NaN,NaN,NaN,0,0,0,56.55735656698686,-49.55404221532217,9.074951229120629,1,0,0.2941566809534759,0,NaN,NaN,NaN,0,0,0,0,0,26.42629582787946,12.246624437913274,41.31276384388981,0,35,0,35,35,71.8800970792669,35,71.8800970792669,70,-73.76019415853379,37.149893057696836,43.787259742378424,NaN,NaN,NaN,NaN
1740787200,84297.74,95128.88,76555,82534.32,106188.63102860571,62474.449,18760.26697139429,0,0,57794.97303994491,NaN,NaN,0,0,58214.06853112422,41226.176842323846,0,0,66906.00056885654,NaN,0,0,77.29166666666667,1.9572473635112368,-1.9572473635112368,NaN,NaN,NaN,NaN,0,0,0,56.55735656698686,-49.55404221532217,-17.88146175362456,0,0,0.10133785676827646,0,NaN,NaN,NaN,0,0,0,0,0,23.186893338274334,14.73847627500371,35.78790689717822,0,35,0,35,35,48.01969638779505,35,48.01969638779505,70,-26.039392775590105,22.16926562481807,37.03555758088763,NaN,NaN,NaN,0
1743465600,82534.31,95976.34,74420.69,94182.54,108294.09949415592,65886.95349999999,23479.80750584406,0,0,59775.10068732784,NaN,NaN,0,0,62091.80648393961,41835.36881508687,0,0,69503.76622896544,NaN,0,0,80,1.9069118048012612,-1.9069118048012612,NaN,NaN,NaN,NaN,0,0,0,56.55735656698686,-49.55404221532217,-15.26774349564137,0,0,0.006169704470848615,0,NaN,NaN,NaN,0,0,0,0,0,23.323555765392076,14.99206092018058,34.93950208019433,0,30,0,30,30,67.8990813700043,30,67.8990813700043,60,75.79816274000859,21.539342187688067,30.576089123895883,0,NaN,NaN,NaN
1746057600,94182.55,112000,93363.28,104645.87,111429.58621003115,69771.197,28112.80778996885,0,0,62060.75176170797,NaN,NaN,0,0,66448.25801563269,42320.47147581609,0,0,72850.63325477825,NaN,0,0,83.75,1.870681451233665,-1.870681451233665,NaN,NaN,NaN,NaN,0,0,0,56.55735656698686,-49.55404221532217,6.988828840210124,1,0,-0.1847391876426369,0,NaN,NaN,NaN,0,0,0,0,0,24.509238919824288,13.255589289828189,37.648800317838386,0,25,0,25,25,53.82723212568135,25,53.82723212568135,50,57.6544642513627,29.76002050374794,28.499718741725005,NaN,NaN,NaN,NaN
1748736000,104645.87,110651.12,98225.01,107173.21,114821.75036404864,73397.03749999999,31972.324635951343,0,0,64387.016347107434,NaN,NaN,0,0,70307.02795622488,42846.351884336706,0,0,76119.45008765651,NaN,0,0,87.91666666666666,1.8710249431344026,-1.8710249431344026,NaN,NaN,NaN,NaN,0,0,0,56.43174823970065,-49.55404221532217,-7.272710371784582,0,0,-0.5088227090995736,0,NaN,NaN,NaN,0,0,0,0,0,24.510870629789125,11.05498204518066,40.330128158779466,0,25,0,25,25,39.67698865531777,25,39.67698865531777,50,29.35397731063554,38.12635164071064,30.385219405929476,NaN,NaN,NaN,NaN
1751328000,107173.21,123231.07,105119.7,115761.13,119246.90054705043,77298.48049999999,35350.060452949554,0,0,66952.1749380165,NaN,NaN,0,0,74360.31671942597,43828.413266844684,0,0,79894.84817454637,NaN,0,0,90.9375,1.840078970852257,-1.840078970852257,NaN,NaN,NaN,NaN,0,0,0,56.09842243812564,-49.55404221532217,-24.080799121296913,0,0,-0.7311044369495302,0,NaN,NaN,NaN,0,0,0,0,0,24.200457942164594,9.14504551309984,42.757492489101246,0,30,0,30,30,54.960553909997415,30,54.960553909997415,60,49.92110781999484,45.412988509743705,35.606557374866604,NaN,NaN,NaN,NaN
1754006400,115756.12,124533,107369.69,108247.95,121371.35571478057,80596.47499999999,39821.59428521942,0,0,69221.37415151519,NaN,NaN,0,0,77938.37144690845,44827.849314896615,0,0,82595.14358649433,NaN,0,0,90.57291666666666,1.922330279071185,-1.922330279071185,NaN,NaN,NaN,NaN,0,0,0,56.09842243812564,-49.55404221532217,-11.959905850306747,0,0,-1.038178701110587,0,NaN,NaN,NaN,0,0,0,0,0,21.552983945674402,10.259743959164313,39.60068229964282,0,25,0,25,25,56.66538366360512,25,56.66538366360512,50,-63.330767327210246,35.28668073104921,36.901586387435785,NaN,0,NaN,NaN
1756684800,108247.95,117998.17,107250,114067.71,123491.2683414208,84172.4565,44853.64465857921,0,0,71637.63179889807,NaN,NaN,0,0,81877.66795831075,45743.69479734012,0,0,85592.53086397107,NaN,0,0,92.578125,1.881570453773704,-1.881570453773704,NaN,NaN,NaN,NaN,0,0,0,56.09842243812564,-49.55404221532217,10.912798432554423,1,0,-1.2147542679290577,0,NaN,NaN,NaN,0,0,0,0,0,19.480178470705642,10.200000068298573,38.11354722419435,0,25,0,25,25,42.7981280319314,25,42.7981280319314,50,35.59625606386279,31.11818110820604,35.93262118530849,NaN,NaN,NaN,NaN
1759276800,114067.71,126296,103516.75,111521.99,126243.17188015906,86689.60449999999,47136.03711984091,0,0,73924.3418044077,NaN,NaN,0,0,NaN,NaN,NaN,NaN,88062.0031626405,NaN,0,0,93.7890625,1.9317663340898408,-1.9317663340898408,NaN,NaN,NaN,NaN,0,0,0,55.06590577269541,-49.55404221532217,11.5666232260677,0,0,-1.4466777603122312,0,NaN,NaN,NaN,0,0,0,0,0,16.7235443637635,10.186792044593952,35.433563386631654,0,30,0,30,30,40.98170667017863,30,40.98170667017863,60,-21.96341334035726,24.108067952161992,31.988362336465322,NaN,NaN,NaN,0