time,open,high,low,close,volume,Dividends,Stock Splits,timestamp
2014-09-15 00:00:00+00:00,465.864013671875,468.17401123046875,384.5320129394531,398.8210144042969,156903400,0.0,0.0,1410739200
2014-09-22 00:00:00+00:00,399.1000061035156,441.5570068359375,374.3320007324219,377.1809997558594,186772600,0.0,0.0,1411344000
2014-09-29 00:00:00+00:00,376.9280090332031,391.3789978027344,289.2959899902344,320.510009765625,276657896,0.0,0.0,1411948800
2014-10-06 00:00:00+00:00,320.3890075683594,382.72601318359375,302.55999755859375,378.54901123046875,341152804,0.0,0.0,1412553600
2014-10-13 00:00:00+00:00,377.9209899902344,411.697998046875,368.8970031738281,389.5459899902344,156902070,0.0,0.0,1413158400
2014-10-20 00:00:00+00:00,389.2309875488281,392.64599609375,342.87701416015625,354.7040100097656,113691800,0.0,0.0,1413763200
2014-10-27 00:00:00+00:00,354.7770080566406,359.9840087890625,320.6260070800781,325.8919982910156,107075700,0.0,0.0,1414368000
2014-11-03 00:00:00+00:00,325.5690002441406,363.6260070800781,325.0769958496094,363.2640075683594,116793470,0.0,0.0,1414972800
2014-11-10 00:00:00+00:00,362.2650146484375,457.0929870605469,357.5610046386719,387.8819885253906,208239500,0.0,0.0,1415577600
2014-11-17 00:00:00+00:00,388.3489990234375,410.1990051269531,344.11199951171875,367.572998046875,178181000,0.0,0.0,1416182400
2014-11-24 00:00:00+00:00,366.947998046875,394.70098876953125,358.4549865722656,378.0469970703125,131238570,0.0,0.0,1416787200
2014-12-01 00:00:00+00:00,378.2489929199219,384.0379943847656,365.7560119628906,375.0950012207031,80679570,0.0,0.0,1417392000
2014-12-08 00:00:00+00:00,374.9649963378906,376.02899169921875,338.76300048828125,351.6319885253906,141754100,0.0,0.0,1417996800
2014-12-15 00:00:00+00:00,351.3609924316406,351.81500244140625,304.23199462890625,320.8429870605469,184757400,0.0,0.0,1418601600
2014-12-22 00:00:00+00:00,321.0679931640625,336.2869873046875,311.0780029296875,317.239013671875,107137540,0.0,0.0,1419206400
2014-12-29 00:00:00+00:00,317.70098876953125,320.43499755859375,257.61199951171875,264.19500732421875,143354400,0.0,0.0,1419811200
2015-01-05 00:00:00+00:00,265.0840148925781,298.7539978027344,265.03900146484375,265.6600036621094,164241500,0.0,0.0,1420416000
2015-01-12 00:00:00+00:00,266.14599609375,272.2030029296875,171.50999450683594,210.33900451660156,363112212,0.0,0.0,1421020800
2015-01-19 00:00:00+00:00,211.4709930419922,255.07400512695312,205.1529998779297,253.71800231933594,189165500,0.0,0.0,1421625600
2015-01-26 00:00:00+00:00,254.07899475097656,309.3840026855469,212.01499938964844,226.9720001220703,306840500,0.0,0.0,1422230400
2015-02-02 00:00:00+00:00,226.49099731445312,245.95700073242188,214.72500610351562,223.41200256347656,183691200,0.0,0.0,1422835200
2015-02-09 00:00:00+00:00,223.38900756835938,265.6109924316406,215.33200073242188,234.8249969482422,230343800,0.0,0.0,1423440000
2015-02-16 00:00:00+00:00,234.8249969482422,255.32000732421875,229.02200317382812,235.9770050048828,154676000,0.0,0.0,1424044800
2015-02-23 00:00:00+00:00,235.9949951171875,261.6600036621094,232.42100524902344,260.2019958496094,138892900,0.0,0.0,1424649600
2015-03-02 00:00:00+00:00,260.35699462890625,285.7959899902344,258.31298828125,274.35400390625,242425100,0.0,0.0,1425254400
2015-03-09 00:00:00+00:00,274.81201171875,300.04400634765625,273.89300537109375,286.39300537109375,259502000,0.0,0.0,1425859200
2015-03-16 00:00:00+00:00,285.68499755859375,294.11199951171875,248.63600158691406,267.9599914550781,206778200,0.0,0.0,1426464000
2015-03-23 00:00:00+00:00,267.8949890136719,277.2969970703125,236.51499938964844,242.71299743652344,179497700,0.0,0.0,1427068800
2015-03-30 00:00:00+00:00,242.87899780273438,260.67498779296875,239.21400451660156,260.5979919433594,150120700,0.0,0.0,1427673600
2015-04-06 00:00:00+00:00,260.72100830078125,261.7980041503906,232.77099609375,236.1529998779297,147866600,0.0,0.0,1428278400
2015-04-13 00:00:00+00:00,235.9499969482422,236.93499755859375,216.322998046875,222.60000610351562,158658500,0.0,0.0,1428883200
2015-04-20 00:00:00+00:00,222.61199951171875,237.90899658203125,214.87399291992188,219.42999267578125,148576200,0.0,0.0,1429488000
2015-04-27 00:00:00+00:00,219.4290008544922,243.24000549316406,218.0229949951172,240.35800170898438,162643200,0.0,0.0,1430092800
2015-05-04 00:00:00+00:00,240.3560028076172,247.8040008544922,228.572998046875,240.29600524902344,166059200,0.0,0.0,1430697600
2015-05-11 00:00:00+00:00,240.2989959716797,244.27000427246094,234.0570068359375,236.802001953125,130322100,0.0,0.0,1431302400
2015-05-18 00:00:00+00:00,236.88699340820312,241.97799682617188,231.81700134277344,240.9530029296875,114746500,0.0,0.0,1431907200
2015-05-25 00:00:00+00:00,240.927001953125,241.02099609375,229.54200744628906,230.19000244140625,107149900,0.0,0.0,1432512000
2015-06-01 00:00:00+00:00,230.23300170898438,231.71299743652344,221.29600524902344,222.88099670410156,121536400,0.0,0.0,1433116800
2015-06-08 00:00:00+00:00,222.87899780273438,234.85800170898438,222.83900451660156,233.54299926757812,121541200,0.0,0.0,1433721600
2015-06-15 00:00:00+00:00,233.4219970703125,256.8529968261719,233.4219970703125,243.94400024414062,191537000,0.0,0.0,1434326400
2015-06-22 00:00:00+00:00,243.968994140625,251.33900451660156,240.36500549316406,249.01100158691406,115888900,0.0,0.0,1434931200
2015-06-29 00:00:00+00:00,248.7209930419922,274.5060119628906,248.58099365234375,271.9129943847656,206668700,0.0,0.0,1435536000
2015-07-06 00:00:00+00:00,271.1080017089844,314.3940124511719,264.385986328125,310.86700439453125,353198700,0.0,0.0,1436140800
2015-07-13 00:00:00+00:00,310.8269958496094,310.947998046875,272.0429992675781,273.614013671875,235861300,0.0,0.0,1436745600
2015-07-20 00:00:00+00:00,273.4989929199219,293.052001953125,272.9599914550781,292.6860046386719,157457100,0.0,0.0,1437350400
2015-07-27 00:00:00+00:00,292.6390075683594,297.77398681640625,277.52899169921875,282.614013671875,162700300,0.0,0.0,1437955200
2015-08-03 00:00:00+00:00,282.8059997558594,285.7149963378906,260.4679870605469,265.0830078125,207110300,0.0,0.0,1438560000
2015-08-10 00:00:00+00:00,265.4779968261719,270.6730041503906,257.0409851074219,258.5069885253906,177043500,0.0,0.0,1439164800
2015-08-17 00:00:00+00:00,258.489990234375,260.5050048828125,211.07899475097656,228.16900634765625,221695600,0.0,0.0,1439769600
2015-08-24 00:00:00+00:00,228.11199951171875,235.218994140625,199.56700134277344,228.76100158691406,241915000,0.0,0.0,1440374400
2015-08-31 00:00:00+00:00,229.11399841308594,242.91200256347656,225.9149932861328,239.83999633789062,144635800,0.0,0.0,1440979200
2015-09-07 00:00:00+00:00,239.9340057373047,245.781005859375,229.33200073242188,230.51199340820312,148588700,0.0,0.0,1441584000
2015-09-14 00:00:00+00:00,230.60899353027344,259.1820068359375,227.40199279785156,231.21200561523438,126654700,0.0,0.0,1442188800
2015-09-21 00:00:00+00:00,231.2169952392578,237.427001953125,225.11700439453125,232.7570037841797,137307600,0.0,0.0,1442793600
2015-09-28 00:00:00+00:00,232.83599853515625,239.802001953125,232.4669952392578,238.25900268554688,136796200,0.0,0.0,1443398400
2015-10-05 00:00:00+00:00,238.14700317382812,247.2429962158203,237.03500366210938,247.0500030517578,142478600,0.0,0.0,1444003200
2015-10-12 00:00:00+00:00,246.875,273.5780029296875,243.7570037841797,261.64300537109375,199808300,0.0,0.0,1444608000
2015-10-19 00:00:00+00:00,261.8609924316406,294.0589904785156,260.95098876953125,283.67999267578125,220696500,0.0,0.0,1445212800
2015-10-26 00:00:00+00:00,283.62799072265625,334.16900634765625,280.510009765625,325.4309997558594,357648800,0.0,0.0,1445817600
2015-11-02 00:00:00+00:00,325.9419860839844,495.56201171875,323.2090148925781,373.3680114746094,954934692,0.0,0.0,1446422400
2015-11-09 00:00:00+00:00,374.3240051269531,385.27801513671875,300.99700927734375,320.1659851074219,484398204,0.0,0.0,1447027200
2015-11-16 00:00:00+00:00,319.7349853515625,338.3500061035156,312.2170104980469,324.5360107421875,292569400,0.0,0.0,1447632000
2015-11-23 00:00:00+00:00,324.3500061035156,371.9389953613281,316.7699890136719,371.29400634765625,337018400,0.0,0.0,1448236800
2015-11-30 00:00:00+00:00,371.43701171875,402.8089904785156,349.4649963378906,388.7829895019531,416857500,0.0,0.0,1448841600
2015-12-07 00:00:00+00:00,389.9779968261719,469.1029968261719,385.4110107421875,433.7550048828125,562276900,0.0,0.0,1449446400
2015-12-14 00:00:00+00:00,433.2720031738281,465.58099365234375,430.45599365234375,442.68499755859375,553061704,0.0,0.0,1450051200
2015-12-21 00:00:00+00:00,442.8380126953125,458.45599365234375,405.760009765625,422.822998046875,441634396,0.0,0.0,1450656000
2015-12-28 00:00:00+00:00,423.3429870605469,436.2460021972656,418.4809875488281,430.010986328125,300130400,0.0,0.0,1451260800
2016-01-04 00:00:00+00:00,430.0610046386719,462.9339904785156,426.34100341796875,447.9909973144531,319871700,0.0,0.0,1451865600
2016-01-11 00:00:00+00:00,448.697998046875,450.6619873046875,354.91400146484375,382.29901123046875,692913108,0.0,0.0,1452470400
2016-01-18 00:00:00+00:00,381.7330017089844,425.2669982910156,375.2820129394531,402.97100830078125,493900500,0.0,0.0,1453075200
2016-01-25 00:00:00+00:00,402.3169860839844,402.3169860839844,365.4519958496094,368.7669982910156,378185696,0.0,0.0,1453680000
2016-02-01 00:00:00+00:00,369.3500061035156,391.6080017089844,367.9570007324219,376.6199951171875,337404904,0.0,0.0,1454284800
2016-02-08 00:00:00+00:00,376.7569885253906,407.2300109863281,372.89801025390625,407.2300109863281,465920396,0.0,0.0,1454889600
2016-02-15 00:00:00+00:00,407.5679931640625,448.0459899902344,397.7489929199219,438.7980041503906,546633900,0.0,0.0,1455494400
2016-02-22 00:00:00+00:00,438.989013671875,439.8580017089844,413.9070129394531,433.5039978027344,465584792,0.0,0.0,1456099200
2016-02-29 00:00:00+00:00,433.43798828125,441.5069885253906,394.0350036621094,407.7070007324219,628483380,0.0,0.0,1456704000
2016-03-07 00:00:00+00:00,407.7569885253906,423.9259948730469,406.3089904785156,414.06500244140625,548114688,0.0,0.0,1457308800
2016-03-14 00:00:00+00:00,414.20098876953125,420.99700927734375,406.1369934082031,413.7550048828125,520066400,0.0,0.0,1457913600
2016-03-21 00:00:00+00:00,413.4179992675781,428.7969970703125,410.3810119628906,426.7650146484375,426699404,0.0,0.0,1458518400
2016-03-28 00:00:00+00:00,426.5480041503906,426.85699462890625,412.4960021972656,420.90399169921875,405154204,0.0,0.0,1459123200
2016-04-04 00:00:00+00:00,421.29901123046875,425.3609924316406,416.5150146484375,421.5639953613281,415027900,0.0,0.0,1459728000
2016-04-11 00:00:00+00:00,421.87200927734375,432.625,420.5329895019531,427.39898681640625,382137900,0.0,0.0,1460332800
2016-04-18 00:00:00+00:00,427.6109924316406,460.14599609375,427.08599853515625,458.55499267578125,427064400,0.0,0.0,1460937600
2016-04-25 00:00:00+00:00,459.1210021972656,467.9649963378906,436.6499938964844,451.875,492934504,0.0,0.0,1461542400
2016-05-02 00:00:00+00:00,451.9330139160156,461.375,441.7760009765625,458.5480041503906,403817800,0.0,0.0,1462147200
2016-05-09 00:00:00+00:00,458.20599365234375,462.4809875488281,448.9540100097656,457.5679931640625,351471700,0.0,0.0,1462752000
2016-05-16 00:00:00+00:00,457.58599853515625,458.20001220703125,437.3890075683594,439.322998046875,470557100,0.0,0.0,1463356800
2016-05-23 00:00:00+00:00,439.3479919433594,553.9600219726562,438.822998046875,526.2329711914062,741517392,0.0,0.0,1463961600
2016-05-30 00:00:00+00:00,528.4710083007812,590.1320190429688,520.6619873046875,574.9769897460938,658668096,0.0,0.0,1464566400
2016-06-06 00:00:00+00:00,574.6019897460938,684.843994140625,567.5139770507812,672.7839965820312,757909588,0.0,0.0,1465171200
2016-06-13 00:00:00+00:00,671.6539916992188,777.989990234375,662.8040161132812,763.781005859375,1553070776,0.0,0.0,1465776000
2016-06-20 00:00:00+00:00,763.927001953125,764.083984375,558.1389770507812,629.3670043945312,1464507992,0.0,0.0,1466380800
2016-06-27 00:00:00+00:00,629.3489990234375,704.968017578125,620.5239868164062,658.6640014648438,918252000,0.0,0.0,1466985600
2016-07-04 00:00:00+00:00,658.8040161132812,683.6619873046875,611.833984375,649.3599853515625,1040574400,0.0,0.0,1467590400
2016-07-11 00:00:00+00:00,648.4840087890625,682.364990234375,644.97998046875,679.458984375,682454600,0.0,0.0,1468195200
2016-07-18 00:00:00+00:00,679.8090209960938,681.5549926757812,646.7219848632812,661.2849731445312,607681700,0.0,0.0,1468800000
2016-07-25 00:00:00+00:00,661.2630004882812,661.8280029296875,624.364990234375,624.6810302734375,747178496,0.0,0.0,1469404800
2016-08-01 00:00:00+00:00,624.6019897460938,626.1190185546875,531.333984375,592.6900024414062,1015417588,0.0,0.0,1470009600
2016-08-08 00:00:00+00:00,592.7360229492188,599.9840087890625,564.781005859375,570.4730224609375,504473696,0.0,0.0,1470614400
2016-08-15 00:00:00+00:00,570.4940185546875,584.1580200195312,563.239990234375,581.3079833984375,364239500,0.0,0.0,1471219200
2016-08-22 00:00:00+00:00,581.3109741210938,589.4739990234375,568.6300048828125,573.9119873046875,545508100,0.0,0.0,1471824000
2016-08-29 00:00:00+00:00,574.0709838867188,611.8369750976562,570.8109741210938,608.6339721679688,670372392,0.0,0.0,1472428800
2016-09-05 00:00:00+00:00,608.989990234375,628.8179931640625,600.5059814453125,606.718994140625,505899104,0.0,0.0,1473033600
2016-09-12 00:00:00+00:00,607.0050048828125,611.9520263671875,605.1920166015625,609.8740234375,417858304,0.0,0.0,1473638400
2016-09-19 00:00:00+00:00,609.8709716796875,610.9320068359375,595.7860107421875,600.8259887695312,397773096,0.0,0.0,1474243200
2016-09-26 00:00:00+00:00,600.8070068359375,615.2369995117188,600.3489990234375,610.8920288085938,364686600,0.0,0.0,1474848000
2016-10-03 00:00:00+00:00,610.968017578125,619.8489990234375,609.47900390625,616.7520141601562,367150204,0.0,0.0,1475452800
2016-10-10 00:00:00+00:00,616.822021484375,642.8980102539062,616.197021484375,641.6309814453125,462540104,0.0,0.0,1476057600
2016-10-17 00:00:00+00:00,641.8179931640625,661.1290283203125,628.0130004882812,657.0709838867188,438931392,0.0,0.0,1476662400
2016-10-24 00:00:00+00:00,657.1610107421875,720.4019775390625,652.594970703125,701.864013671875,654150896,0.0,0.0,1477267200
2016-10-31 00:00:00+00:00,702.6400146484375,745.7730102539062,678.156005859375,711.52197265625,698826796,0.0,0.0,1477872000
2016-11-07 00:00:00+00:00,710.7360229492188,740.0460205078125,687.3150024414062,702.031005859375,554004996,0.0,0.0,1478476800
2016-11-14 00:00:00+00:00,701.9970092773438,756.2369995117188,699.8079833984375,731.0260009765625,736991600,0.0,0.0,1479081600
2016-11-21 00:00:00+00:00,731.2650146484375,753.8699951171875,729.625,732.0349731445312,528543596,0.0,0.0,1479686400
2016-11-28 00:00:00+00:00,732.4840087890625,781.2960205078125,732.4840087890625,773.8720092773438,552642604,0.0,0.0,1480291200
2016-12-05 00:00:00+00:00,773.3939819335938,777.0919799804688,751.7130126953125,769.7310180664062,578980796,0.0,0.0,1480896000
2016-12-12 00:00:00+00:00,770.0399780273438,794.7369995117188,770.0399780273438,790.530029296875,538898096,0.0,0.0,1481500800
2016-12-19 00:00:00+00:00,790.6920166015625,925.1170043945312,790.3200073242188,896.1829833984375,1087074704,0.0,0.0,1482105600
2016-12-26 00:00:00+00:00,896.905029296875,1003.0800170898438,896.8980102539062,998.3250122070312,1161413112,0.0,0.0,1482710400
2017-01-02 00:00:00+00:00,998.6170043945312,1191.0999755859375,823.5560302734375,911.198974609375,2052639008,0.0,0.0,1483315200
2017-01-09 00:00:00+00:00,913.2440185546875,919.447998046875,755.7559814453125,821.7979736328125,1123984880,0.0,0.0,1483920000
2017-01-16 00:00:00+00:00,821.7830200195312,937.5250244140625,820.27099609375,924.6729736328125,883611600,0.0,0.0,1484524800
2017-01-23 00:00:00+00:00,925.4990234375,928.2659912109375,891.68701171875,919.4959716796875,693151900,0.0,0.0,1485129600
2017-01-30 00:00:00+00:00,920.1510009765625,1045.9000244140625,919.4739990234375,1027.3399658203125,1009290288,0.0,0.0,1485734400
2017-02-06 00:00:00+00:00,1028.4000244140625,1088.989990234375,946.6909790039062,999.1810302734375,1227087016,0.0,0.0,1486339200
2017-02-13 00:00:00+00:00,998.885009765625,1061.0999755859375,976.0020141601562,1047.8699951171875,763560200,0.0,0.0,1486944000
2017-02-20 00:00:00+00:00,1048.68994140625,1200.3900146484375,1041.68994140625,1165.199951171875,1209106992,0.0,0.0,1487548800
2017-02-27 00:00:00+00:00,1163.780029296875,1280.31005859375,1163.3800048828125,1267.1199951171875,1546994008,0.0,0.0,1488153600
2017-03-06 00:00:00+00:00,1267.469970703125,1276.0,1077.25,1221.3800048828125,2064090976,0.0,0.0,1488758400
2017-03-13 00:00:00+00:00,1221.780029296875,1257.97998046875,957.655029296875,1036.739990234375,3296504976,0.0,0.0,1489363200
2017-03-20 00:00:00+00:00,1037.239990234375,1122.4300537109375,903.7130126953125,966.7249755859375,2483811008,0.0,0.0,1489968000
2017-03-27 00:00:00+00:00,972.0549926757812,1107.5899658203125,971.9840087890625,1102.1700439453125,2601401984,0.0,0.0,1490572800
2017-04-03 00:00:00+00:00,1102.949951171875,1197.2099609375,1102.949951171875,1187.8699951171875,2711437088,0.0,0.0,1491177600
2017-04-10 00:00:00+00:00,1187.300048828125,1208.0699462890625,1156.43994140625,1182.93994140625,1714353040,0.0,0.0,1491782400
2017-04-17 00:00:00+00:00,1183.25,1240.7900390625,1172.6500244140625,1207.2099609375,1907337008,0.0,0.0,1492387200
2017-04-24 00:00:00+00:00,1209.6300048828125,1347.9100341796875,1209.6300048828125,1347.8900146484375,2620499984,0.0,0.0,1492992000
2017-05-01 00:00:00+00:00,1348.300048828125,1618.030029296875,1348.300048828125,1596.7099609375,5316902848,0.0,0.0,1493596800
2017-05-08 00:00:00+00:00,1596.9200439453125,1873.9300537109375,1596.9200439453125,1808.9100341796875,5981268000,0.0,0.0,1494201600
2017-05-15 00:00:00+00:00,1808.43994140625,2119.080078125,1661.9100341796875,2041.199951171875,6916110976,0.0,0.0,1494806400
2017-05-22 00:00:00+00:00,2043.18994140625,2763.7099609375,1855.8299560546875,2155.800048828125,12064150016,0.0,0.0,1495411200
2017-05-29 00:00:00+00:00,2159.429931640625,2585.889892578125,2107.169921875,2511.81005859375,9823705088,0.0,0.0,1496016000
2017-06-05 00:00:00+00:00,2512.39990234375,2999.909912109375,2510.219970703125,2958.110107421875,11378039936,0.0,0.0,1496620800
2017-06-12 00:00:00+00:00,2953.219970703125,2997.260009765625,2212.9599609375,2548.2900390625,11981910016,0.0,0.0,1497225600
2017-06-19 00:00:00+00:00,2549.030029296875,2772.010009765625,2549.030029296875,2589.409912109375,9130718976,0.0,0.0,1497830400
2017-06-26 00:00:00+00:00,2590.570068359375,2615.25,2332.989990234375,2506.469970703125,7730852928,0.0,0.0,1498435200
2017-07-03 00:00:00+00:00,2498.56005859375,2916.139892578125,2480.469970703125,2518.43994140625,5831748992,0.0,0.0,1499040000
2017-07-10 00:00:00+00:00,2525.25,2537.159912109375,1843.030029296875,1929.8199462890625,7453121024,0.0,0.0,1499644800
2017-07-17 00:00:00+00:00,1932.6199951171875,2900.699951171875,1932.6199951171875,2730.39990234375,9947990080,0.0,0.0,1500249600
2017-07-24 00:00:00+00:00,2732.699951171875,2897.449951171875,2450.800048828125,2757.179931640625,6942860928,0.0,0.0,1500854400
2017-07-31 00:00:00+00:00,2763.239990234375,3293.2900390625,2668.590087890625,3213.93994140625,8137841920,0.0,0.0,1501459200
2017-08-07 00:00:00+00:00,3212.780029296875,4208.39013671875,3180.889892578125,4073.260009765625,13618979840,0.0,0.0,1502064000
2017-08-14 00:00:00+00:00,4066.10009765625,4484.7001953125,3906.179931640625,4087.659912109375,18573839872,0.0,0.0,1502668800
2017-08-21 00:00:00+00:00,4090.47998046875,4455.7001953125,3674.580078125,4382.8798828125,15749739904,0.0,0.0,1503273600
2017-08-28 00:00:00+00:00,4384.4501953125,4975.0400390625,4224.64013671875,4582.9599609375,15582599936,0.0,0.0,1503878400
2017-09-04 00:00:00+00:00,4591.6298828125,4661.0,3951.0400390625,4122.93994140625,15468230272,0.0,0.0,1504483200
2017-09-11 00:00:00+00:00,4122.47021484375,4344.64990234375,2946.6201171875,3582.8798828125,15563199872,0.0,0.0,1505088000
2017-09-18 00:00:00+00:00,3591.090087890625,4094.070068359375,3553.530029296875,3682.840087890625,9023459008,0.0,0.0,1505692800
2017-09-25 00:00:00+00:00,3681.580078125,4403.740234375,3681.580078125,4403.740234375,9599860096,0.0,0.0,1506297600
2017-10-02 00:00:00+00:00,4395.81005859375,4624.14013671875,4164.0498046875,4610.47998046875,8289027968,0.0,0.0,1506902400
2017-10-09 00:00:00+00:00,4614.52001953125,5852.47998046875,4564.25,5678.18994140625,14840320000,0.0,0.0,1507507200
2017-10-16 00:00:00+00:00,5687.56982421875,6194.8798828125,5151.43994140625,6008.419921875,14605609856,0.0,0.0,1508112000
2017-10-23 00:00:00+00:00,6006.0,6255.7099609375,5397.8798828125,6153.85009765625,14982660096,0.0,0.0,1508716800
2017-10-30 00:00:00+00:00,6114.85009765625,7617.47998046875,6040.85009765625,7407.41015625,19841690624,0.0,0.0,1509321600
2017-11-06 00:00:00+00:00,7403.22021484375,7776.419921875,5519.009765625,5950.06982421875,32340969984,0.0,0.0,1509926400
2017-11-13 00:00:00+00:00,5938.25,8101.91015625,5844.2900390625,8036.490234375,30253229824,0.0,0.0,1510531200
2017-11-20 00:00:00+00:00,8039.06982421875,9522.9296875,7762.7099609375,9330.5498046875,30501020160,0.0,0.0,1511136000
2017-11-27 00:00:00+00:00,9352.7197265625,11858.7001953125,9202.0498046875,11323.2001953125,50411559424,0.0,0.0,1511740800
2017-12-04 00:00:00+00:00,11315.400390625,18353.400390625,11081.7998046875,15455.400390625,92115268608,0.0,0.0,1512345600
2017-12-11 00:00:00+00:00,15427.400390625,20089.0,15404.7998046875,19140.80078125,93877198848,0.0,0.0,1512950400
2017-12-18 00:00:00+00:00,19106.400390625,19371.0,11833.0,13925.7998046875,117256598528,0.0,0.0,1513555200
2017-12-25 00:00:00+00:00,13995.900390625,16930.900390625,12350.099609375,14156.400390625,88557499392,0.0,0.0,1514160000
2018-01-01 00:00:00+00:00,14112.2001953125,17712.400390625,13154.7001953125,16477.599609375,123814400000,0.0,0.0,1514764800
2018-01-08 00:00:00+00:00,16476.19921875,16537.900390625,13105.900390625,13772.0,106022199296,0.0,0.0,1515369600
2018-01-15 00:00:00+00:00,13767.2998046875,14445.5,9402.2900390625,11600.099609375,97932879872,0.0,0.0,1515974400
2018-01-22 00:00:00+00:00,11633.099609375,12040.2998046875,10129.7001953125,11786.2998046875,64691999232,0.0,0.0,1516579200
2018-01-29 00:00:00+00:00,11755.5,11875.599609375,7796.490234375,8277.009765625,60810019840,0.0,0.0,1517184000
2018-02-05 00:00:00+00:00,8270.5400390625,9122.5498046875,6048.259765625,8129.97021484375,62489091072,0.0,0.0,1517788800
2018-02-12 00:00:00+00:00,8141.43017578125,11349.7998046875,8141.43017578125,10551.7998046875,53626569728,0.0,0.0,1518393600
2018-02-19 00:00:00+00:00,10552.599609375,11958.5,9407.0595703125,9664.73046875,55388419584,0.0,0.0,1518998400
2018-02-26 00:00:00+00:00,9669.4296875,11528.2001953125,9501.73046875,11512.599609375,48902649856,0.0,0.0,1519603200
2018-03-05 00:00:00+00:00,11532.400390625,11704.099609375,8513.0302734375,9578.6298828125,49671590400,0.0,0.0,1520208000
2018-03-12 00:00:00+00:00,9602.9296875,9937.5,7397.990234375,8223.6796875,42075919360,0.0,0.0,1520812800
2018-03-19 00:00:00+00:00,8344.1201171875,9177.3701171875,8182.39990234375,8495.7802734375,40853020160,0.0,0.0,1521417600
2018-03-26 00:00:00+00:00,8498.4697265625,8530.080078125,6526.8701171875,6844.22998046875,37970689536,0.0,0.0,1522022400
2018-04-02 00:00:00+00:00,6844.85986328125,7530.93994140625,6575.0,7023.52001953125,31804380416,0.0,0.0,1522627200
2018-04-09 00:00:00+00:00,7044.31982421875,8338.419921875,6661.990234375,8329.1103515625,40915320320,0.0,0.0,1523232000
2018-04-16 00:00:00+00:00,8337.5703125,9001.6396484375,7881.72021484375,8802.4599609375,48741869568,0.0,0.0,1523836800
2018-04-23 00:00:00+00:00,8794.3896484375,9745.3203125,8727.08984375,9419.080078125,61882420224,0.0,0.0,1524441600
2018-04-30 00:00:00+00:00,9426.1103515625,9964.5,8891.0498046875,9654.7998046875,57244449280,0.0,0.0,1525046400
2018-05-07 00:00:00+00:00,9645.669921875,9665.849609375,8223.5,8723.9404296875,50119759872,0.0,0.0,1525651200
2018-05-14 00:00:00+00:00,8713.099609375,8881.1201171875,7974.81982421875,8513.25,42360260096,0.0,0.0,1526256000
2018-05-21 00:00:00+00:00,8522.330078125,8557.51953125,7270.9599609375,7368.22021484375,35808230144,0.0,0.0,1526860800
2018-05-28 00:00:00+00:00,7371.31005859375,7754.89013671875,7090.68017578125,7720.25,35465450496,0.0,0.0,1527465600
2018-06-04 00:00:00+00:00,7722.52978515625,7753.81982421875,6709.06982421875,6786.02001953125,33010609408,0.0,0.0,1528070400
2018-06-11 00:00:00+00:00,6799.2900390625,6910.18017578125,6285.6298828125,6499.27001953125,29844289792,0.0,0.0,1528675200
2018-06-18 00:00:00+00:00,6510.06982421875,6822.5,5826.41015625,6173.22998046875,28592079872,0.0,0.0,1529280000
2018-06-25 00:00:00+00:00,6171.97021484375,6465.509765625,5835.75,6385.81982421875,28842940160,0.0,0.0,1529884800
2018-07-02 00:00:00+00:00,6380.3798828125,6885.91015625,6305.7001953125,6773.8798828125,29906419968,0.0,0.0,1530489600
2018-07-09 00:00:00+00:00,6775.080078125,6838.68017578125,6136.419921875,6359.64013671875,25200120064,0.0,0.0,1531094400
2018-07-16 00:00:00+00:00,6357.009765625,7594.669921875,6357.009765625,7418.490234375,34261730048,0.0,0.0,1531699200
2018-07-23 00:00:00+00:00,7414.7099609375,8424.26953125,7409.10009765625,8218.4599609375,36446479872,0.0,0.0,1532304000
2018-07-30 00:00:00+00:00,8221.580078125,8235.5,6940.7001953125,7068.47998046875,32425310000,0.0,0.0,1532908800
2018-08-06 00:00:00+00:00,7062.93994140625,7166.5498046875,6109.02978515625,6322.68994140625,32181950000,0.0,0.0,1533513600
2018-08-13 00:00:00+00:00,6341.35986328125,6617.35009765625,5971.0498046875,6506.06982421875,30898230000,0.0,0.0,1534118400
2018-08-20 00:00:00+00:00,6500.509765625,6816.7900390625,6297.93017578125,6707.259765625,25842490000,0.0,0.0,1534723200
2018-08-27 00:00:00+00:00,6710.7998046875,7306.31005859375,6689.7099609375,7272.72021484375,30229310000,0.0,0.0,1535328000
2018-09-03 00:00:00+00:00,7279.02978515625,7388.43017578125,6197.52001953125,6300.85986328125,31456960000,0.0,0.0,1535932800
2018-09-10 00:00:00+00:00,6301.56982421875,6596.10009765625,6260.2099609375,6517.18017578125,26405400000,0.0,0.0,1536537600
2018-09-17 00:00:00+00:00,6514.06005859375,6814.56005859375,6208.33984375,6710.6298828125,32109420000,0.0,0.0,1537142400
2018-09-24 00:00:00+00:00,6704.77001953125,6785.02978515625,6381.85986328125,6625.56005859375,31328000000,0.0,0.0,1537747200
2018-10-01 00:00:00+00:00,6619.85009765625,6653.2998046875,6454.02978515625,6602.9501953125,25943820000,0.0,0.0,1538352000
2018-10-08 00:00:00+00:00,6600.18994140625,6675.06005859375,6236.47021484375,6290.93017578125,26462410000,0.0,0.0,1538956800
2018-10-15 00:00:00+00:00,6292.64013671875,6965.06005859375,6258.68017578125,6482.35009765625,29669680000,0.0,0.0,1539561600
2018-10-22 00:00:00+00:00,6486.0498046875,6543.7998046875,6447.02978515625,6486.39013671875,24188720000,0.0,0.0,1540166400
2018-10-29 00:00:00+00:00,6492.35009765625,6547.14013671875,6294.56982421875,6376.1298828125,28245180000,0.0,0.0,1540771200
2018-11-05 00:00:00+00:00,6363.6201171875,6552.16015625,6350.169921875,6411.27001953125,30472560000,0.0,0.0,1541376000
2018-11-12 00:00:00+00:00,6411.759765625,6434.2099609375,5358.3798828125,5623.5400390625,36972800000,0.0,0.0,1541980800
2018-11-19 00:00:00+00:00,5620.77978515625,5620.77978515625,3585.06005859375,4009.969970703125,42533970000,0.0,0.0,1542585600
2018-11-26 00:00:00+00:00,4015.070068359375,4413.0205078125,3643.919921875,4139.8779296875,42945276472,0.0,0.0,1543190400
2018-12-03 00:00:00+00:00,4147.32373046875,4155.9794921875,3280.228759765625,3614.234375,38386467708,0.0,0.0,1543795200
2018-12-10 00:00:00+00:00,3612.04638671875,3647.33251953125,3191.303466796875,3252.839111328125,29869247431,0.0,0.0,1544400000
2018-12-17 00:00:00+00:00,3253.123046875,4198.4296875,3253.123046875,3998.980224609375,46021506218,0.0,0.0,1545004800
2018-12-24 00:00:00+00:00,4000.331787109375,4271.79248046875,3642.632080078125,3865.95263671875,39249734918,0.0,0.0,1545609600
2018-12-31 00:00:00+00:00,3866.839111328125,4093.29736328125,3707.231201171875,4076.632568359375,34343716582,0.0,0.0,1546214400
2019-01-07 00:00:00+00:00,4078.5849609375,4109.02099609375,3544.92724609375,3552.953125,37523454177,0.0,0.0,1546819200
2019-01-14 00:00:00+00:00,3557.31103515625,3758.533447265625,3552.28515625,3601.013671875,38588596987,0.0,0.0,1547424000
2019-01-21 00:00:00+00:00,3600.372802734375,3654.93310546875,3539.721435546875,3583.9658203125,36949379050,0.0,0.0,1548028800
2019-01-28 00:00:00+00:00,3584.283203125,3586.7509765625,3400.81982421875,3464.013427734375,40130888766,0.0,0.0,1548633600
2019-02-04 00:00:00+00:00,3467.211669921875,3695.614013671875,3391.023681640625,3690.188232421875,41224140801,0.0,0.0,1549238400
2019-02-11 00:00:00+00:00,3695.613037109375,3695.613037109375,3607.69775390625,3673.836181640625,44533597993,0.0,0.0,1549843200
2019-02-18 00:00:00+00:00,3671.369873046875,4210.6416015625,3669.982421875,3810.427490234375,63853356366,0.0,0.0,1550448000
2019-02-25 00:00:00+00:00,3807.00244140625,3913.707275390625,3787.058837890625,3847.17578125,56444684748,0.0,0.0,1551052800
2019-03-04 00:00:00+00:00,3845.091552734375,3987.23779296875,3733.749755859375,3951.599853515625,69110769320,0.0,0.0,1551657600
2019-03-11 00:00:00+00:00,3953.740234375,4077.036376953125,3863.55908203125,4025.22900390625,67357766371,0.0,0.0,1552262400
2019-03-18 00:00:00+00:00,4029.968505859375,4097.35986328125,4005.1513671875,4022.168212890625,67975640775,0.0,0.0,1552867200
2019-03-25 00:00:00+00:00,4024.11279296875,4296.806640625,3934.03125,4105.404296875,71015021591,0.0,0.0,1553472000
2019-04-01 00:00:00+00:00,4105.3623046875,5307.00341796875,4096.9013671875,5198.89697265625,123047080530,0.0,0.0,1554076800
2019-04-08 00:00:00+00:00,5199.83544921875,5421.6513671875,4955.8525390625,5167.72216796875,98826873355,0.0,0.0,1554681600
2019-04-15 00:00:00+00:00,5167.32177734375,5359.9248046875,5024.0693359375,5314.53125,90285516253,0.0,0.0,1555286400
2019-04-22 00:00:00+00:00,5312.49462890625,5642.04443359375,5177.36865234375,5285.13916015625,105590631334,0.0,0.0,1555891200
2019-04-29 00:00:00+00:00,5284.8583984375,5886.8935546875,5216.48779296875,5795.70849609375,107035835884,0.0,0.0,1556496000
2019-05-06 00:00:00+00:00,5791.693359375,7503.8720703125,5653.6875,6972.37158203125,141929602925,0.0,0.0,1557100800
2019-05-13 00:00:00+00:00,6971.17822265625,8320.82421875,6898.2822265625,8197.689453125,199543788416,0.0,0.0,1557705600
2019-05-20 00:00:00+00:00,8196.923828125,8687.5205078125,7533.19677734375,8673.2158203125,173001140580,0.0,0.0,1558310400
2019-05-27 00:00:00+00:00,8674.072265625,9008.314453125,8172.55078125,8742.9580078125,173016477871,0.0,0.0,1558915200
2019-06-03 00:00:00+00:00,8741.7470703125,8743.5,7564.48876953125,7688.0771484375,140124650113,0.0,0.0,1559520000
2019-06-10 00:00:00+00:00,7692.28466796875,9335.8671875,7586.73095703125,8994.48828125,135051141522,0.0,0.0,1560124800
2019-06-17 00:00:00+00:00,8988.923828125,11246.14453125,8988.923828125,10855.37109375,136422336191,0.0,0.0,1560729600
2019-06-24 00:00:00+00:00,10853.744140625,13796.4892578125,10491.8525390625,10817.1552734375,221502737682,0.0,0.0,1561334400
2019-07-01 00:00:00+00:00,10796.9306640625,12006.0751953125,9737.884765625,11450.8466796875,181410821667,0.0,0.0,1561939200
2019-07-08 00:00:00+00:00,11446.5966796875,13129.529296875,10234.576171875,10256.05859375,180936684097,0.0,0.0,1562544000
2019-07-15 00:00:00+00:00,10257.8388671875,11052.7666015625,9163.134765625,10599.10546875,157356814406,0.0,0.0,1563148800
2019-07-22 00:00:00+00:00,10596.9482421875,10651.791015625,9252.296875,9552.8603515625,112459229432,0.0,0.0,1563753600
2019-07-29 00:00:00+00:00,9548.1787109375,11009.20703125,9437.3359375,10970.1845703125,110790788891,0.0,0.0,1564358400
2019-08-05 00:00:00+00:00,10960.7353515625,12273.8212890625,10960.7353515625,11523.5791015625,141427393788,0.0,0.0,1564963200
2019-08-12 00:00:00+00:00,11528.189453125,11528.189453125,9675.31640625,10345.810546875,120224711798,0.0,0.0,1565568000
2019-08-19 00:00:00+00:00,10350.283203125,10947.0419921875,9831.462890625,10138.517578125,112893851548,0.0,0.0,1566172800
2019-08-26 00:00:00+00:00,10126.2998046875,10512.328125,9421.6298828125,9757.970703125,104346358671,0.0,0.0,1566777600
2019-09-02 00:00:00+00:00,9757.4736328125,10898.76171875,9730.650390625,10441.2763671875,116441433312,0.0,0.0,1567382400
2019-09-09 00:00:00+00:00,10443.228515625,10450.3115234375,9980.7763671875,10347.712890625,102876391724,0.0,0.0,1567987200
2019-09-16 00:00:00+00:00,10347.22265625,10386.8671875,9851.6923828125,10070.392578125,107930839412,0.0,0.0,1568592000
2019-09-23 00:00:00+00:00,10067.962890625,10074.23828125,7895.62939453125,8104.185546875,124735468740,0.0,0.0,1569196800
2019-09-30 00:00:00+00:00,8104.2265625,8497.6923828125,7830.7587890625,7988.15576171875,97716137179,0.0,0.0,1569801600
2019-10-07 00:00:00+00:00,7989.12060546875,8721.7802734375,7905.76611328125,8321.005859375,118550918408,0.0,0.0,1570406400
2019-10-14 00:00:00+00:00,8320.83203125,8410.71484375,7902.1640625,8222.078125,105710167423,0.0,0.0,1571011200
2019-10-21 00:00:00+00:00,8225.115234375,10021.744140625,7446.98876953125,9551.71484375,176678165128,0.0,0.0,1571616000
2019-10-28 00:00:00+00:00,9565.1015625,9805.1181640625,9028.7177734375,9235.3544921875,180364809056,0.0,0.0,1572220800
2019-11-04 00:00:00+00:00,9235.607421875,9505.0517578125,8775.5341796875,9055.5263671875,160702732609,0.0,0.0,1572825600
2019-11-11 00:00:00+00:00,9056.91796875,9081.279296875,8473.9736328125,8577.9755859375,134166660428,0.0,0.0,1573430400
2019-11-18 00:00:00+00:00,8573.98046875,8653.2802734375,6936.70654296875,7047.9169921875,171626385789,0.0,0.0,1574035200
2019-11-25 00:00:00+00:00,7039.97705078125,7836.10205078125,6617.1669921875,7424.29248046875,162444865040,0.0,0.0,1574640000
2019-12-02 00:00:00+00:00,7424.0361328125,7743.431640625,7170.9228515625,7564.34521484375,121327747581,0.0,0.0,1575244800
2019-12-09 00:00:00+00:00,7561.79541015625,7618.091796875,6924.3759765625,7152.3017578125,122542519854,0.0,0.0,1575849600
2019-12-16 00:00:00+00:00,7153.6630859375,7518.033203125,6540.04931640625,7511.5888671875,165399102665,0.0,0.0,1576454400
2019-12-23 00:00:00+00:00,7508.90234375,7656.17626953125,7189.93408203125,7422.65283203125,161758217053,0.0,0.0,1577059200
2019-12-30 00:00:00+00:00,7420.27294921875,7544.4970703125,6914.99609375,7411.3173828125,149690652648,0.0,0.0,1577664000
2020-01-06 00:00:00+00:00,7410.4521484375,8396.73828125,7409.29296875,8192.494140625,184901289966,0.0,0.0,1578268800
2020-01-13 00:00:00+00:00,8189.77197265625,9164.3623046875,8079.70068359375,8706.2451171875,241668743794,0.0,0.0,1578873600
2020-01-20 00:00:00+00:00,8704.6318359375,8792.994140625,8266.8408203125,8596.830078125,165113602391,0.0,0.0,1579478400
2020-01-27 00:00:00+00:00,8597.30859375,9553.1259765625,8597.30859375,9344.365234375,212298356923,0.0,0.0,1580083200
2020-02-03 00:00:00+00:00,9344.68359375,10129.435546875,9112.8115234375,10116.673828125,239180811399,0.0,0.0,1580688000
2020-02-10 00:00:00+00:00,10115.5595703125,10457.626953125,9722.38671875,9934.43359375,300413081965,0.0,0.0,1581292800
2020-02-17 00:00:00+00:00,9936.560546875,10191.67578125,9507.6376953125,9924.515625,303140360741,0.0,0.0,1581897600
2020-02-24 00:00:00+00:00,9921.5830078125,9951.74609375,8471.212890625,8562.4541015625,299233009521,0.0,0.0,1582502400
2020-03-02 00:00:00+00:00,8563.2646484375,9167.6953125,8105.2529296875,8108.1162109375,276706069337,0.0,0.0,1583107200
2020-03-09 00:00:00+00:00,8111.146484375,8177.79345703125,4106.98095703125,5392.31494140625,326123224372,0.0,0.0,1583712000
2020-03-16 00:00:00+00:00,5385.2294921875,6844.26171875,4575.35791015625,5830.2548828125,309907233901,0.0,0.0,1584316800
2020-03-23 00:00:00+00:00,5831.37451171875,6892.51123046875,5785.00439453125,5922.04296875,272468247401,0.0,0.0,1584921600
2020-03-30 00:00:00+00:00,5925.53857421875,7088.24755859375,5903.234375,6791.12939453125,259568096070,0.0,0.0,1585526400
2020-04-06 00:00:00+00:00,6788.0498046875,7427.939453125,6782.8896484375,6971.091796875,274123270580,0.0,0.0,1586131200
2020-04-13 00:00:00+00:00,6965.61669921875,7280.52197265625,6555.50439453125,7189.4248046875,248073118275,0.0,0.0,1586736000
2020-04-20 00:00:00+00:00,7186.87353515625,7700.59423828125,6834.4423828125,7679.8671875,247735013853,0.0,0.0,1587340800
2020-04-27 00:00:00+00:00,7679.4189453125,9440.650390625,7679.4189453125,8897.46875,327820350244,0.0,0.0,1587945600
2020-05-04 00:00:00+00:00,8895.7451171875,9996.7431640625,8395.107421875,8756.4306640625,361023995652,0.0,0.0,1588550400
2020-05-11 00:00:00+00:00,8755.53515625,9823.001953125,8374.3232421875,9670.7392578125,325655447393,0.0,0.0,1589155200
2020-05-18 00:00:00+00:00,9675.6953125,9906.0302734375,8787.2509765625,8790.3681640625,247011272897,0.0,0.0,1589760000
2020-05-25 00:00:00+00:00,8786.107421875,9704.0302734375,8719.66796875,9461.05859375,221372861711,0.0,0.0,1590364800
2020-06-01 00:00:00+00:00,9463.60546875,10199.5654296875,9450.8994140625,9758.8525390625,194228716225,0.0,0.0,1590969600
2020-06-08 00:00:00+00:00,9760.0634765625,9938.2978515625,9263.0693359375,9386.7880859375,160324519712,0.0,0.0,1591574400
2020-06-15 00:00:00+00:00,9386.03515625,9579.4306640625,8990.17578125,9303.6298828125,138300100692,0.0,0.0,1592179200
2020-06-22 00:00:00+00:00,9300.9150390625,9680.3671875,8975.525390625,9143.58203125,125863637229,0.0,0.0,1592784000
2020-06-29 00:00:00+00:00,9140.029296875,9309.7548828125,8977.015625,9073.9423828125,102779717630,0.0,0.0,1593388800
2020-07-06 00:00:00+00:00,9072.849609375,9450.3359375,9058.6640625,9276.5,113994286210,0.0,0.0,1593993600
2020-07-13 00:00:00+00:00,9277.205078125,9306.4052734375,9088.947265625,9185.8173828125,106299733734,0.0,0.0,1594598400
2020-07-20 00:00:00+00:00,9187.220703125,10023.8076171875,9137.509765625,9905.1669921875,120174678243,0.0,0.0,1595203200
2020-07-27 00:00:00+00:00,9905.2177734375,12034.14453125,9903.9697265625,11053.6142578125,188247005753,0.0,0.0,1595808000
2020-08-03 00:00:00+00:00,11043.7685546875,11902.3359375,11012.4150390625,11675.7392578125,147527884833,0.0,0.0,1596412800
2020-08-10 00:00:00+00:00,11662.2568359375,12150.994140625,11195.708984375,11892.8037109375,173916901671,0.0,0.0,1597017600
2020-08-17 00:00:00+00:00,11895.658203125,12359.056640625,11448.8056640625,11664.84765625,161417688724,0.0,0.0,1597622400
2020-08-24 00:00:00+00:00,11663.689453125,11807.6318359375,11185.94140625,11711.505859375,149742951013,0.0,0.0,1598227200
2020-08-31 00:00:00+00:00,11713.306640625,12067.0810546875,9946.67578125,10280.3515625,221515306287,0.0,0.0,1598832000
2020-09-07 00:00:00+00:00,10280.998046875,10578.837890625,9916.4931640625,10323.755859375,264126813725,0.0,0.0,1599436800
2020-09-14 00:00:00+00:00,10328.734375,11134.0927734375,10266.0087890625,10938.271484375,210690462551,0.0,0.0,1600041600
2020-09-21 00:00:00+00:00,10934.92578125,10988.3046875,10197.865234375,10775.26953125,263386919085,0.0,0.0,1600646400
2020-09-28 00:00:00+00:00,10776.61328125,10945.34765625,10416.689453125,10669.5830078125,343112501609,0.0,0.0,1601251200
2020-10-05 00:00:00+00:00,10676.529296875,11442.2109375,10528.890625,11384.181640625,256921249410,0.0,0.0,1601856000
2020-10-12 00:00:00+00:00,11392.6357421875,11698.4677734375,11223.0126953125,11483.359375,162045277956,0.0,0.0,1602460800
2020-10-19 00:00:00+00:00,11495.0380859375,13329.18359375,11408.2900390625,13031.173828125,210845277262,0.0,0.0,1603065600
2020-10-26 00:00:00+00:00,13031.201171875,14028.2138671875,12822.3828125,13737.109375,240919962782,0.0,0.0,1603670400
2020-11-02 00:00:00+00:00,13737.0322265625,15903.4375,13243.16015625,15479.5673828125,238108964192,0.0,0.0,1604275200
2020-11-09 00:00:00+00:00,15479.595703125,16463.177734375,14865.529296875,15955.587890625,206407256877,0.0,0.0,1604880000
2020-11-16 00:00:00+00:00,15955.5771484375,18936.62109375,15880.7060546875,18370.001953125,274506990351,0.0,0.0,1605484800
2020-11-23 00:00:00+00:00,18370.017578125,19390.96484375,16351.03515625,18177.484375,301939363508,0.0,0.0,1606089600
2020-11-30 00:00:00+00:00,18178.322265625,19845.974609375,18178.322265625,19345.12109375,253088772491,0.0,0.0,1606694400
2020-12-07 00:00:00+00:00,19343.12890625,19411.828125,17619.533203125,19142.3828125,193678842258,0.0,0.0,1607299200
2020-12-14 00:00:00+00:00,19144.4921875,24209.66015625,19012.708984375,23477.294921875,281723269352,0.0,0.0,1607904000
2020-12-21 00:00:00+00:00,23474.455078125,28288.83984375,22159.3671875,26272.294921875,339132207025,0.0,0.0,1608508800
2020-12-28 00:00:00+00:00,26280.822265625,34608.55859375,25987.298828125,32782.0234375,379626054545,0.0,0.0,1609113600
2021-01-04 00:00:00+00:00,32810.94921875,41946.73828125,28722.755859375,38356.44140625,538834804975,0.0,0.0,1609718400
2021-01-11 00:00:00+00:00,38346.53125,39966.40625,30549.599609375,35791.27734375,508900951412,0.0,0.0,1610323200
2021-01-18 00:00:00+00:00,35792.23828125,37755.890625,28953.373046875,32289.37890625,423439379849,0.0,0.0,1610928000
2021-01-25 00:00:00+00:00,32285.798828125,38406.26171875,29367.138671875,33114.359375,495037340009,0.0,0.0,1611532800
2021-02-01 00:00:00+00:00,33114.578125,40846.546875,32384.228515625,38903.44140625,449918619842,0.0,0.0,1612137600
2021-02-08 00:00:00+00:00,38886.828125,49487.640625,38076.32421875,48717.2890625,580021243858,0.0,0.0,1612742400
2021-02-15 00:00:00+00:00,48696.53515625,58330.5703125,46347.4765625,57539.9453125,470533297170,0.0,0.0,1613347200
2021-02-22 00:00:00+00:00,57532.73828125,57533.390625,43241.6171875,45137.76953125,766679775805,0.0,0.0,1613952000
2021-03-01 00:00:00+00:00,45159.50390625,52535.13671875,45115.09375,51206.69140625,333113779409,0.0,0.0,1614556800
2021-03-08 00:00:00+00:00,51174.1171875,61683.86328125,49506.0546875,59302.31640625,373838576722,0.0,0.0,1615161600
2021-03-15 00:00:00+00:00,59267.4296875,60540.9921875,53555.02734375,57523.421875,393542542227,0.0,0.0,1615766400
2021-03-22 00:00:00+00:00,57517.890625,58471.48046875,50856.5703125,55950.74609375,403128836645,0.0,0.0,1616371200
2021-03-29 00:00:00+00:00,55947.8984375,60267.1875,55139.33984375,58758.5546875,408348561550,0.0,0.0,1616976000
2021-04-05 00:00:00+00:00,58760.875,61276.6640625,55604.0234375,60204.96484375,406637390979,0.0,0.0,1617580800
2021-04-12 00:00:00+00:00,60175.9453125,64863.09765625,52829.53515625,56216.18359375,508118943571,0.0,0.0,1618185600
2021-04-19 00:00:00+00:00,56191.5859375,57520.0546875,47159.484375,49004.25390625,444719708699,0.0,0.0,1618790400
2021-04-26 00:00:00+00:00,49077.79296875,58448.33984375,48852.796875,56631.078125,335231529997,0.0,0.0,1619395200
2021-05-03 00:00:00+00:00,56620.2734375,59464.61328125,52969.0546875,58232.31640625,458766142208,0.0,0.0,1620000000
2021-05-10 00:00:00+00:00,58250.87109375,59519.35546875,43963.3515625,46456.05859375,483967915938,0.0,0.0,1620604800
2021-05-17 00:00:00+00:00,46415.8984375,46623.55859375,30681.49609375,34770.58203125,563629210102,0.0,0.0,1621209600
2021-05-24 00:00:00+00:00,34700.36328125,40782.078125,33520.73828125,35678.12890625,350206489990,0.0,0.0,1621814400
2021-05-31 00:00:00+00:00,35658.59375,39478.953125,34241.9453125,35862.37890625,248884892724,0.0,0.0,1622419200
2021-06-07 00:00:00+00:00,35835.265625,39322.78125,31114.443359375,39097.859375,298428017340,0.0,0.0,1623024000
2021-06-14 00:00:00+00:00,39016.96875,41295.26953125,33432.07421875,35698.296875,269949570053,0.0,0.0,1623628800
2021-06-21 00:00:00+00:00,35641.14453125,35721.640625,28893.62109375,34649.64453125,305541799334,0.0,0.0,1624233600
2021-06-28 00:00:00+00:00,34679.12109375,36542.109375,32770.6796875,35287.78125,231729218470,0.0,0.0,1624838400
2021-07-05 00:00:00+00:00,35284.34375,35284.34375,32133.18359375,34240.1875,178445862441,0.0,0.0,1625443200
2021-07-12 00:00:00+00:00,34254.015625,34592.15625,31100.673828125,31796.810546875,147501894180,0.0,0.0,1626048000
2021-07-19 00:00:00+00:00,31800.01171875,35364.92578125,29360.955078125,35350.1875,156414750211,0.0,0.0,1626652800
2021-07-26 00:00:00+00:00,35384.03125,42541.6796875,35287.3125,39974.89453125,237553113912,0.0,0.0,1627257600
2021-08-02 00:00:00+00:00,39907.26171875,45282.3515625,37458.00390625,43798.1171875,226902699564,0.0,0.0,1627862400
2021-08-09 00:00:00+00:00,43791.92578125,48098.68359375,42848.6875,47047.00390625,234268000892,0.0,0.0,1628467200
2021-08-16 00:00:00+00:00,47019.9609375,49717.01953125,43998.31640625,49321.65234375,236289722726,0.0,0.0,1629072000
2021-08-23 00:00:00+00:00,49291.67578125,50482.078125,46394.28125,48829.83203125,223947952688,0.0,0.0,1629676800
2021-08-30 00:00:00+00:00,48834.8515625,51868.6796875,46562.4375,51753.41015625,256225023619,0.0,0.0,1630281600
2021-09-06 00:00:00+00:00,51769.00390625,52853.765625,43285.20703125,46063.26953125,293311066613,0.0,0.0,1630886400
2021-09-13 00:00:00+00:00,46057.21484375,48791.78125,43591.3203125,47260.21875,226141953163,0.0,0.0,1631491200
2021-09-20 00:00:00+00:00,47261.40625,47328.19921875,39787.609375,43208.5390625,270099994433,0.0,0.0,1632096000
2021-09-27 00:00:00+00:00,43234.18359375,49130.69140625,40829.66796875,48199.953125,223042115392,0.0,0.0,1632700800
2021-10-04 00:00:00+00:00,48208.90625,56401.3046875,47045.00390625,54771.578125,261919545521,0.0,0.0,1633305600
2021-10-11 00:00:00+00:00,54734.125,62757.12890625,54370.97265625,61553.6171875,277084548345,0.0,0.0,1633910400
2021-10-18 00:00:00+00:00,61548.8046875,66930.390625,59643.34375,60930.8359375,257856648064,0.0,0.0,1634515200
2021-10-25 00:00:00+00:00,60893.92578125,63729.32421875,58206.91796875,61318.95703125,256114057651,0.0,0.0,1635120000
2021-11-01 00:00:00+00:00,61320.44921875,64242.79296875,59695.18359375,63326.98828125,227064607869,0.0,0.0,1635724800
2021-11-08 00:00:00+00:00,63344.06640625,68789.625,62333.9140625,65466.83984375,259776276520,0.0,0.0,1636329600
2021-11-15 00:00:00+00:00,65521.2890625,66281.5703125,55705.1796875,58730.4765625,253419951009,0.0,0.0,1636934400
2021-11-22 00:00:00+00:00,58706.84765625,59367.96875,53569.765625,57248.45703125,243930001011,0.0,0.0,1637539200
2021-11-29 00:00:00+00:00,57291.90625,59113.40234375,42874.6171875,49368.84765625,276690611812,0.0,0.0,1638144000
2021-12-06 00:00:00+00:00,49413.48046875,51934.78125,46942.34765625,50098.3359375,208148497532,0.0,0.0,1638748800
2021-12-13 00:00:00+00:00,50114.7421875,50205.0,45598.44140625,46707.015625,214770398202,0.0,0.0,1639353600
2021-12-20 00:00:00+00:00,46707.0625,51814.02734375,45579.80859375,50809.515625,175052499792,0.0,0.0,1639958400
2021-12-27 00:00:00+00:00,50802.609375,51956.328125,45819.953125,47345.21875,203998848909,0.0,0.0,1640563200
2022-01-03 00:00:00+00:00,47343.54296875,47510.7265625,40672.27734375,41911.6015625,276182787152,0.0,0.0,1641168000
2022-01-10 00:00:00+00:00,41910.23046875,44278.421875,39796.5703125,43113.87890625,199473804544,0.0,0.0,1641772800
2022-01-17 00:00:00+00:00,43118.12109375,43413.0234375,34349.25,36276.8046875,196326044073,0.0,0.0,1642377600
2022-01-24 00:00:00+00:00,36275.734375,38825.41015625,33184.05859375,37917.6015625,178727434896,0.0,0.0,1642982400
2022-01-31 00:00:00+00:00,37920.28125,42500.78515625,36375.5390625,42412.43359375,143977109319,0.0,0.0,1643587200
2022-02-07 00:00:00+00:00,42406.78125,45661.171875,41748.15625,42197.515625,176958095731,0.0,0.0,1644192000
2022-02-14 00:00:00+00:00,42157.3984375,44667.21875,38112.8125,38431.37890625,144975794552,0.0,0.0,1644796800
2022-02-21 00:00:00+00:00,38423.2109375,40005.34765625,34459.21875,37709.78515625,190469710084,0.0,0.0,1645401600
2022-02-28 00:00:00+00:00,37706.0,45077.578125,37518.21484375,38419.984375,187557375751,0.0,0.0,1646006400
2022-03-07 00:00:00+00:00,38429.3046875,42465.671875,37260.203125,37849.6640625,175966999156,0.0,0.0,1646611200
2022-03-14 00:00:00+00:00,37846.31640625,42316.5546875,37680.734375,41247.82421875,184097042034,0.0,0.0,1647216000
2022-03-21 00:00:00+00:00,41246.1328125,46827.546875,40668.04296875,46820.4921875,188591889758,0.0,0.0,1647820800
2022-03-28 00:00:00+00:00,46821.8515625,48086.8359375,44403.140625,46453.56640625,223334181931,0.0,0.0,1648425600
2022-04-04 00:00:00+00:00,46445.2734375,47106.140625,42021.20703125,42207.671875,188557001876,0.0,0.0,1649030400
2022-04-11 00:00:00+00:00,42201.0390625,42424.58984375,39373.05859375,39716.953125,174652159709,0.0,0.0,1649635200
2022-04-18 00:00:00+00:00,39721.203125,42893.58203125,38696.19140625,39469.29296875,184314843516,0.0,0.0,1650240000
2022-04-25 00:00:00+00:00,39472.60546875,40713.890625,37585.7890625,38469.09375,216681007567,0.0,0.0,1650844800
2022-05-02 00:00:00+00:00,38472.1875,39902.94921875,33878.96484375,34059.265625,239044762282,0.0,0.0,1651449600
2022-05-09 00:00:00+00:00,34060.015625,34222.07421875,26350.490234375,31305.11328125,357800928090,0.0,0.0,1652054400
2022-05-16 00:00:00+00:00,31304.375,31305.341796875,28708.955078125,30323.72265625,196429842104,0.0,0.0,1652659200
2022-05-23 00:00:00+00:00,30309.396484375,30590.5859375,28261.90625,29445.95703125,212594819496,0.0,0.0,1653264000
2022-05-30 00:00:00+00:00,29443.365234375,32249.86328125,29303.572265625,29906.662109375,203063587161,0.0,0.0,1653868800
2022-06-06 00:00:00+00:00,29910.283203125,31693.291015625,26762.6484375,26762.6484375,215929645934,0.0,0.0,1654473600
2022-06-13 00:00:00+00:00,26737.578125,26795.58984375,17708.623046875,20553.271484375,309685915250,0.0,0.0,1655078400
2022-06-20 00:00:00+00:00,20553.37109375,21783.724609375,19689.169921875,21027.294921875,175909056122,0.0,0.0,1655683200
2022-06-27 00:00:00+00:00,21028.23828125,21478.08984375,18729.65625,19297.076171875,157426002965,0.0,0.0,1656288000
2022-07-04 00:00:00+00:00,19297.314453125,22314.94140625,19063.06640625,20860.44921875,206953871021,0.0,0.0,1656892800
2022-07-11 00:00:00+00:00,20856.353515625,21600.640625,18999.953125,20779.34375,187297974219,0.0,0.0,1657497600
2022-07-18 00:00:00+00:00,20781.912109375,24196.818359375,20781.912109375,22609.1640625,244312089708,0.0,0.0,1658102400
2022-07-25 00:00:00+00:00,22607.15625,24572.580078125,20776.81640625,23336.896484375,223759636595,0.0,0.0,1658707200
2022-08-01 00:00:00+00:00,23336.71875,23578.650390625,22485.701171875,23175.890625,166393135564,0.0,0.0,1659312000
2022-08-08 00:00:00+00:00,23179.52734375,24974.9140625,22771.51953125,24319.333984375,195343016900,0.0,0.0,1659916800
2022-08-15 00:00:00+00:00,24318.31640625,25135.58984375,20856.73046875,21534.12109375,208764012537,0.0,0.0,1660521600
2022-08-22 00:00:00+00:00,21531.462890625,21804.908203125,19616.814453125,19616.814453125,223346042309,0.0,0.0,1661126400
2022-08-29 00:00:00+00:00,19615.154296875,20542.64453125,19600.78515625,19986.712890625,208511390280,0.0,0.0,1661731200
2022-09-05 00:00:00+00:00,19988.7890625,21770.552734375,18644.466796875,21769.255859375,259528892947,0.0,0.0,1662336000
2022-09-12 00:00:00+00:00,21770.1484375,22673.8203125,19387.4921875,19419.505859375,261900187496,0.0,0.0,1662940800
2022-09-19 00:00:00+00:00,19418.572265625,19674.630859375,18290.314453125,18802.09765625,252873598365,0.0,0.0,1663545600
2022-09-26 00:00:00+00:00,18803.900390625,20338.455078125,18553.296875,19044.107421875,280290121527,0.0,0.0,1664150400
2022-10-03 00:00:00+00:00,19044.068359375,20408.392578125,19025.2265625,19446.42578125,196809212801,0.0,0.0,1664755200
2022-10-10 00:00:00+00:00,19446.416015625,19889.146484375,18319.822265625,19268.09375,197940078443,0.0,0.0,1665360000
2022-10-17 00:00:00+00:00,19268.5625,19666.994140625,18770.970703125,19567.0078125,175664450104,0.0,0.0,1665964800
2022-10-24 00:00:00+00:00,19567.76953125,20988.39453125,19206.32421875,20635.603515625,302335723765,0.0,0.0,1666569600
2022-10-31 00:00:00+00:00,20633.6953125,21446.88671875,20086.240234375,20926.486328125,321270158405,0.0,0.0,1667174400
2022-11-07 00:00:00+00:00,20924.62109375,21053.24609375,15682.6923828125,16353.365234375,471409252759,0.0,0.0,1667779200
2022-11-14 00:00:00+00:00,16352.0283203125,17109.32421875,15872.94140625,16291.83203125,212305927001,0.0,0.0,1668384000
2022-11-21 00:00:00+00:00,16291.2236328125,16771.474609375,15599.046875,16444.626953125,184366390569,0.0,0.0,1668988800
2022-11-28 00:00:00+00:00,16440.22265625,17197.498046875,16054.5302734375,17130.486328125,156325682750,0.0,0.0,1669593600
2022-12-05 00:00:00+00:00,17128.89453125,17378.15234375,16750.55859375,17104.193359375,129428712529,0.0,0.0,1670198400
2022-12-12 00:00:00+00:00,17102.5,18318.53125,16584.701171875,16757.9765625,142170798266,0.0,0.0,1670803200
2022-12-19 00:00:00+00:00,16759.041015625,17012.984375,16398.13671875,16841.986328125,107997970888,0.0,0.0,1671408000
2022-12-26 00:00:00+00:00,16842.25,16959.845703125,16408.474609375,16625.080078125,95526200508,0.0,0.0,1672012800
2023-01-02 00:00:00+00:00,16625.509765625,17091.14453125,16572.228515625,17091.14453125,90012614323,0.0,0.0,1672617600
2023-01-09 00:00:00+00:00,17093.9921875,21075.142578125,17093.9921875,20880.798828125,175267920183,0.0,0.0,1673222400
2023-01-16 00:00:00+00:00,20882.224609375,23282.34765625,20541.544921875,22720.416015625,188938770069,0.0,0.0,1673827200
2023-01-23 00:00:00+00:00,22721.087890625,23919.890625,22406.076171875,23774.56640625,177486927537,0.0,0.0,1674432000
2023-01-30 00:00:00+00:00,23774.6484375,24167.2109375,22657.58203125,22955.666015625,171080243769,0.0,0.0,1675036800
2023-02-06 00:00:00+00:00,22954.021484375,23367.958984375,21539.392578125,21788.203125,170212590188,0.0,0.0,1675641600
2023-02-13 00:00:00+00:00,21787.0,25134.1171875,21460.087890625,24327.642578125,209050300776,0.0,0.0,1676246400
2023-02-20 00:00:00+00:00,24336.623046875,25126.8515625,22861.55859375,23561.212890625,180472737469,0.0,0.0,1676851200
2023-02-27 00:00:00+00:00,23561.451171875,23880.6328125,22198.98046875,22435.513671875,138790785900,0.0,0.0,1677456000
2023-03-06 00:00:00+00:00,22436.81640625,22584.29296875,19628.25390625,22163.94921875,192057466346,0.0,0.0,1678060800
2023-03-13 00:00:00+00:00,22156.40625,28440.560546875,21918.19921875,28038.67578125,305833103060,0.0,0.0,1678665600
2023-03-20 00:00:00+00:00,28041.6015625,28803.3359375,26759.99609375,27994.330078125,191720356212,0.0,0.0,1679270400
2023-03-27 00:00:00+00:00,27994.068359375,29159.90234375,26606.689453125,28199.30859375,121255230918,0.0,0.0,1679875200
2023-04-03 00:00:00+00:00,28183.080078125,28739.23828125,27276.720703125,28333.05078125,98141424556,0.0,0.0,1680480000
2023-04-10 00:00:00+00:00,28336.02734375,31005.607421875,28189.271484375,30315.35546875,122998807738,0.0,0.0,1681084800
2023-04-17 00:00:00+00:00,30317.146484375,30470.302734375,27169.5703125,27591.384765625,129935327803,0.0,0.0,1681689600
2023-04-24 00:00:00+00:00,27591.73046875,29995.837890625,27070.849609375,29268.806640625,137303647007,0.0,0.0,1682294400
2023-05-01 00:00:00+00:00,29227.103515625,29820.126953125,27680.79296875,28454.978515625,114911964253,0.0,0.0,1682899200
2023-05-08 00:00:00+00:00,28450.45703125,28663.271484375,25878.4296875,26930.638671875,109959496438,0.0,0.0,1683504000
2023-05-15 00:00:00+00:00,26931.384765625,27646.34765625,26415.1015625,26753.826171875,84459727715,0.0,0.0,1684108800
2023-05-22 00:00:00+00:00,26749.892578125,28193.44921875,25890.59375,28085.646484375,90053064704,0.0,0.0,1684713600
2023-05-29 00:00:00+00:00,28075.591796875,28432.0390625,26574.64453125,27119.06640625,91351657572,0.0,0.0,1685318400
2023-06-05 00:00:00+00:00,27123.109375,27332.181640625,25434.8671875,25940.16796875,116498927148,0.0,0.0,1685923200
2023-06-12 00:00:00+00:00,25934.28515625,26769.39453125,24797.16796875,26336.212890625,92905085602,0.0,0.0,1686528000
2023-06-19 00:00:00+00:00,26335.44140625,31389.5390625,26312.83203125,30480.26171875,138005623534,0.0,0.0,1687132800
2023-06-26 00:00:00+00:00,30480.5234375,31256.86328125,29600.275390625,30620.76953125,106681707513,0.0,0.0,1687737600
2023-07-03 00:00:00+00:00,30624.515625,31460.052734375,29777.28515625,30171.234375,90491031635,0.0,0.0,1688342400
2023-07-10 00:00:00+00:00,30172.423828125,31814.515625,29966.38671875,30249.1328125,102917922458,0.0,0.0,1688947200
2023-07-17 00:00:00+00:00,30249.626953125,30336.400390625,29556.427734375,30084.5390625,81229098742,0.0,0.0,1689552000
2023-07-24 00:00:00+00:00,30081.662109375,30093.39453125,28934.294921875,29275.30859375,76309629498,0.0,0.0,1690156800
2023-07-31 00:00:00+00:00,29278.314453125,29987.998046875,28657.0234375,29041.85546875,87827001052,0.0,0.0,1690761600
2023-08-07 00:00:00+00:00,29038.513671875,30176.796875,28724.140625,29282.9140625,85153014454,0.0,0.0,1691366400
2023-08-14 00:00:00+00:00,29283.263671875,29660.25390625,25409.111328125,26189.583984375,116418274959,0.0,0.0,1691971200
2023-08-21 00:00:00+00:00,26188.69140625,26786.8984375,25520.728515625,26089.693359375,83086807452,0.0,0.0,1692576000
2023-08-28 00:00:00+00:00,26089.615234375,28089.337890625,25362.609375,25969.56640625,113161627781,0.0,0.0,1693180800
2023-09-04 00:00:00+00:00,25968.169921875,26414.005859375,25404.359375,25832.2265625,69814611152,0.0,0.0,1693785600
2023-09-11 00:00:00+00:00,25831.71484375,26840.498046875,24930.296875,26534.1875,85796699860,0.0,0.0,1694390400
2023-09-18 00:00:00+00:00,26532.994140625,27488.763671875,26221.05078125,26256.826171875,82251905213,0.0,0.0,1694995200
2023-09-25 00:00:00+00:00,26253.775390625,28047.23828125,26011.46875,27983.75,73012240734,0.0,0.0,1695600000
2023-10-02 00:00:00+00:00,27976.798828125,28494.458984375,27215.552734375,27935.08984375,82183775698,0.0,0.0,1696204800
2023-10-09 00:00:00+00:00,27934.47265625,27989.470703125,26558.3203125,27159.65234375,72673654487,0.0,0.0,1696809600
2023-10-16 00:00:00+00:00,27162.62890625,30287.482421875,27130.47265625,29993.896484375,113402383094,0.0,0.0,1697414400
2023-10-23 00:00:00+00:00,30140.685546875,35150.43359375,30097.828125,34538.48046875,165718773022,0.0,0.0,1698019200
2023-10-30 00:00:00+00:00,34531.7421875,35919.84375,34083.30859375,35049.35546875,115520056635,0.0,0.0,1698624000
2023-11-06 00:00:00+00:00,35044.7890625,37926.2578125,34545.81640625,37054.51953125,134767494805,0.0,0.0,1699228800
2023-11-13 00:00:00+00:00,37070.3046875,37964.89453125,34948.5,37386.546875,143535361089,0.0,0.0,1699833600
2023-11-20 00:00:00+00:00,37374.07421875,38415.33984375,35670.97265625,37479.12109375,130439893957,0.0,0.0,1700438400
2023-11-27 00:00:00+00:00,37454.19140625,40135.60546875,36750.12890625,39978.390625,134360107955,0.0,0.0,1701043200
2023-12-04 00:00:00+00:00,39978.62890625,44705.515625,39978.62890625,43779.69921875,188503614895,0.0,0.0,1701648000
2023-12-11 00:00:00+00:00,43792.01953125,43808.375,40234.578125,41364.6640625,168493481950,0.0,0.0,1702252800
2023-12-18 00:00:00+00:00,41348.203125,44367.95703125,40530.2578125,43016.1171875,152084171491,0.0,0.0,1702857600
2023-12-25 00:00:00+00:00,43010.57421875,43804.78125,41424.0625,42265.1875,157807126208,0.0,0.0,1703462400
2024-01-01 00:00:00+00:00,42280.234375,45899.70703125,40813.53515625,43943.09765625,202311773985,0.0,0.0,1704067200
2024-01-08 00:00:00+00:00,43948.70703125,48969.37109375,41724.61328125,41796.26953125,259971819745,0.0,0.0,1704672000
2024-01-15 00:00:00+00:00,41715.06640625,43566.2734375,40297.45703125,41545.78515625,139135824835,0.0,0.0,1705276800
2024-01-22 00:00:00+00:00,41553.65234375,42797.17578125,38521.89453125,42035.59375,155314602893,0.0,0.0,1705881600
2024-01-29 00:00:00+00:00,42030.9140625,43838.9453125,41818.33203125,42583.58203125,135184187433,0.0,0.0,1706486400
2024-02-05 00:00:00+00:00,42577.62109375,48535.9375,42264.81640625,48293.91796875,157826395448,0.0,0.0,1707091200
2024-02-12 00:00:00+00:00,48296.38671875,52820.06640625,47745.76171875,52122.546875,213560041471,0.0,0.0,1707696000
2024-02-19 00:00:00+00:00,52134.8125,52945.05078125,50561.77734375,51733.23828125,160769145627,0.0,0.0,1708300800
2024-02-26 00:00:00+00:00,51730.5390625,63913.1328125,50931.03125,63167.37109375,322895666089,0.0,0.0,1708905600
2024-03-04 00:00:00+00:00,63137.00390625,70083.0546875,59323.91015625,69019.7890625,405709693297,0.0,0.0,1709510400
2024-03-11 00:00:00+00:00,69020.546875,73750.0703125,64545.31640625,68390.625,405957750577,0.0,0.0,1710115200
2024-03-18 00:00:00+00:00,68371.3046875,68897.1328125,60807.78515625,67234.171875,328097121682,0.0,0.0,1710720000
2024-03-25 00:00:00+00:00,67234.09375,71727.6875,66414.8359375,71333.6484375,216324625836,0.0,0.0,1711324800
2024-04-01 00:00:00+00:00,71333.484375,71342.09375,64559.8984375,69362.5546875,229427260104,0.0,0.0,1711929600
2024-04-08 00:00:00+00:00,69362.5546875,72715.359375,60919.10546875,65738.7265625,288243675431,0.0,0.0,1712534400
2024-04-15 00:00:00+00:00,65739.6484375,66878.6484375,59651.390625,64926.64453125,257889555865,0.0,0.0,1713139200
2024-04-22 00:00:00+00:00,64935.6328125,67233.9609375,62424.71875,63113.23046875,176031088174,0.0,0.0,1713744000
2024-04-29 00:00:00+00:00,63106.36328125,64703.33203125,56555.29296875,64031.1328125,217717011805,0.0,0.0,1714348800
2024-05-06 00:00:00+00:00,64038.3125,65494.90234375,60208.78125,61448.39453125,161617857129,0.0,0.0,1714953600
2024-05-13 00:00:00+00:00,61451.21875,67694.296875,60769.83984375,66278.3671875,191456349028,0.0,0.0,1715558400
2024-05-20 00:00:00+00:00,66278.7421875,71946.4609375,66086.171875,68518.09375,225779718034,0.0,0.0,1716163200
2024-05-27 00:00:00+00:00,68512.1796875,70597.8828125,66633.421875,67751.6015625,170949409910,0.0,0.0,1716768000
2024-06-03 00:00:00+00:00,67753.8984375,71907.8515625,67589.8359375,69647.9921875,187569500742,0.0,0.0,1717372800
2024-06-10 00:00:00+00:00,69644.3125,70146.0703125,65056.89453125,66639.046875,175973271622,0.0,0.0,1717977600
2024-06-17 00:00:00+00:00,66636.515625,67188.3203125,63180.796875,63180.796875,163449015388,0.0,0.0,1718582400
2024-06-24 00:00:00+00:00,63173.3515625,63292.52734375,58601.69921875,62678.29296875,171030093873,0.0,0.0,1719187200
2024-07-01 00:00:00+00:00,62673.60546875,63777.2265625,53717.375,55849.109375,213107531443,0.0,0.0,1719792000
2024-07-08 00:00:00+00:00,55849.57421875,61329.52734375,54321.01953125,60787.79296875,187407019962,0.0,0.0,1720396800
2024-07-15 00:00:00+00:00,60815.45703125,68372.90625,60704.9296875,68154.5234375,222161876179,0.0,0.0,1721001600
2024-07-22 00:00:00+00:00,68152.9765625,69398.5078125,63473.47265625,68255.8671875,227265184992,0.0,0.0,1721606400
2024-07-29 00:00:00+00:00,68259.0546875,69987.5390625,57210.8046875,58116.9765625,251002338760,0.0,0.0,1722211200
2024-08-05 00:00:00+00:00,58110.296875,62673.765625,49121.23828125,58719.484375,317158734647,0.0,0.0,1722816000
2024-08-12 00:00:00+00:00,58719.39453125,61687.7578125,56161.59375,58483.96484375,193731393138,0.0,0.0,1723420800
2024-08-19 00:00:00+00:00,58480.7109375,64996.421875,57864.7109375,64333.54296875,200670274120,0.0,0.0,1724025600
2024-08-26 00:00:00+00:00,64342.2265625,64489.70703125,57217.82421875,57325.48828125,208589155271,0.0,0.0,1724630400
2024-09-02 00:00:00+00:00,57326.96875,59815.05859375,52598.69921875,54841.56640625,207052844168,0.0,0.0,1725235200
2024-09-09 00:00:00+00:00,54851.88671875,60656.72265625,54598.43359375,59182.8359375,201400392020,0.0,0.0,1725840000
2024-09-16 00:00:00+00:00,59185.2265625,64119.53125,57501.33984375,63648.7109375,223578476939,0.0,0.0,1726444800
2024-09-23 00:00:00+00:00,63643.1015625,66480.6953125,62628.078125,65635.3046875,185380794223,0.0,0.0,1727049600
2024-09-30 00:00:00+00:00,65634.65625,65635.0546875,59878.8046875,62818.953125,221870167581,0.0,0.0,1727654400
2024-10-07 00:00:00+00:00,62819.109375,64443.70703125,58895.20703125,62851.375,185760615870,0.0,0.0,1728259200
2024-10-14 00:00:00+00:00,62848.3984375,69359.0078125,62442.15234375,69001.703125,233833427420,0.0,0.0,1728864000
2024-10-21 00:00:00+00:00,69002.0,69462.734375,65188.03515625,67929.296875,210764883686,0.0,0.0,1729468800
2024-10-28 00:00:00+00:00,67922.671875,73577.2109375,67482.5234375,68741.1171875,281658996077,0.0,0.0,1730073600
2024-11-04 00:00:00+00:00,68742.1328125,81474.421875,66803.6484375,80474.1875,436048950363,0.0,0.0,1730678400
2024-11-11 00:00:00+00:00,80471.4140625,93434.3515625,80283.25,89845.8515625,631742325166,0.0,0.0,1731283200
2024-11-18 00:00:00+00:00,89843.71875,99655.5,89393.59375,98013.8203125,502412531238,0.0,0.0,1731888000
2024-11-25 00:00:00+00:00,98033.4453125,98935.03125,90770.8125,97279.7890625,419153048682,0.0,0.0,1732492800
2024-12-02 00:00:00+00:00,97276.0078125,103900.46875,91998.78125,101236.015625,549005393438,0.0,0.0,1733097600
2024-12-09 00:00:00+00:00,101237.0625,105047.5390625,94321.2578125,104298.6953125,521429282524,0.0,0.0,1733702400
2024-12-16 00:00:00+00:00,104293.578125,108268.4453125,92175.1796875,95104.9375,551244500231,0.0,0.0,1734307200
2024-12-23 00:00:00+00:00,95099.390625,99884.5703125,92403.1328125,93530.2265625,299272588112,0.0,0.0,1734912000
2024-12-30 00:00:00+00:00,93527.1953125,98956.9140625,91317.1328125,98314.9609375,248821817930,0.0,0.0,1735516800
2025-01-06 00:00:00+00:00,98314.953125,102712.484375,91220.84375,94488.4375,338967010865,0.0,0.0,1736121600
2025-01-13 00:00:00+00:00,94488.890625,106299.796875,89260.1015625,101089.609375,437782936416,0.0,0.0,1736726400
2025-01-20 00:00:00+00:00,101083.75,109114.8828125,99471.359375,102682.5,471816874719,0.0,0.0,1737331200
2025-01-27 00:00:00+00:00,102680.3046875,106418.765625,96216.078125,97688.9765625,362117614322,0.0,0.0,1737936000
2025-02-03 00:00:00+00:00,97681.1015625,102514.171875,91242.890625,96500.09375,388753129798,0.0,0.0,1738540800
2025-02-10 00:00:00+00:00,96499.4609375,98819.46875,94101.203125,96175.03125,230337481014,0.0,0.0,1739145600
2025-02-17 00:00:00+00:00,96179.0078125,99497.96875,93388.8359375,96273.921875,210283176728,0.0,0.0,1739750400
2025-02-24 00:00:00+00:00,96277.9609375,96503.453125,78248.9140625,94248.3515625,424642208809,0.0,0.0,1740355200
2025-03-03 00:00:00+00:00,94248.421875,94429.75,80052.484375,80601.0390625,351467410238,0.0,0.0,1740960000
2025-03-10 00:00:00+00:00,80597.1484375,85263.2890625,76624.25,82579.6875,245099235090,0.0,0.0,1741564800
2025-03-17 00:00:00+00:00,82576.3359375,87443.265625,81179.9921875,86054.375,154637791297,0.0,0.0,1742169600
2025-03-24 00:00:00+00:00,86070.9296875,88758.7265625,81573.25,82334.5234375,181637739548,0.0,0.0,1742774400
2025-03-31 00:00:00+00:00,82336.0625,88466.953125,77097.7421875,78214.484375,237449686690,0.0,0.0,1743379200
2025-04-07 00:00:00+00:00,78221.3359375,86015.1875,74436.6796875,83684.9765625,363220466107,0.0,0.0,1743984000
2025-04-14 00:00:00+00:00,83694.5234375,86429.3515625,83100.6171875,85174.3046875,155677486406,0.0,0.0,1744588800
2025-04-21 00:00:00+00:00,85171.5390625,95768.390625,85143.8359375,93754.84375,247116398033,0.0,0.0,1745193600
2025-04-28 00:00:00+00:00,93755.3046875,97905.8984375,92860.8046875,94315.9765625,179785916926,0.0,0.0,1745798400
2025-05-05 00:00:00+00:00,94319.5625,104961.765625,93399.859375,104106.359375,346007588371,0.0,0.0,1746403200
2025-05-12 00:00:00+00:00,104106.9609375,106597.171875,100814.40625,106446.0078125,344395798973,0.0,0.0,1747008000
2025-05-19 00:00:00+00:00,106430.53125,111970.171875,102112.6875,109035.390625,407490594865,0.0,0.0,1747612800
2025-05-26 00:00:00+00:00,109023.78125,110744.2109375,103136.1171875,105652.1015625,342628955292,0.0,0.0,1748217600
2025-06-02 00:00:00+00:00,105649.8125,106813.578125,100436.8828125,105793.6484375,317888289963,0.0,0.0,1748822400
2025-06-09 00:00:00+00:00,105793.0234375,110561.421875,102822.0234375,105552.0234375,360592444302,0.0,0.0,1749427200
2025-06-16 00:00:00+00:00,105555.59375,108915.375,98286.203125,100987.140625,345832029969,0.0,0.0,1750032000
2025-06-23 00:00:00+00:00,100987.4765625,108526.3046875,99705.75,108385.5703125,320503132421,0.0,0.0,1750636800
2025-06-30 00:00:00+00:00,108383.4375,110541.4609375,105157.3984375,109232.0703125,302896897483,0.0,0.0,1751241600
2025-07-07 00:00:00+00:00,109235.328125,119449.5703125,107499.5546875,119116.1171875,425010937713,0.0,0.0,1751846400
2025-07-14 00:00:00+00:00,119115.7890625,123091.609375,115765.6875,117300.7890625,607619761231,0.0,0.0,1752451200
2025-07-21 00:00:00+00:00,117306.46875,120269.96875,114759.8203125,119448.4921875,496322967466,0.0,0.0,1753056000
2025-07-28 00:00:00+00:00,119457.5234375,119819.7890625,111943.8046875,114217.671875,467817557243,0.0,0.0,1753660800
2025-08-04 00:00:00+00:00,114223.921875,119320.7109375,112701.109375,119306.7578125,395725770752,0.0,0.0,1754265600
2025-08-11 00:00:00+00:00,119306.8125,124457.1171875,116864.5703125,117453.0625,520847323413,0.0,0.0,1754870400
2025-08-18 00:00:00+00:00,117453.90625,117614.171875,111060.546875,113458.4296875,482123824127,0.0,0.0,1755475200
2025-08-25 00:00:00+00:00,113456.8984375,113637.84375,107444.4453125,108236.7109375,453416228500,0.0,0.0,1756080000
2025-09-01 00:00:00+00:00,108228.75,113357.4921875,107271.1796875,111167.6171875,369258523185,0.0,0.0,1756684800
2025-09-08 00:00:00+00:00,111163.015625,116769.3828125,110630.609375,115407.65625,310393050143,0.0,0.0,1757289600
2025-09-15 00:00:00+00:00,115399.6328125,117911.7890625,114461.0625,115306.09375,292893677815,0.0,0.0,1757894400
2025-09-22 00:00:00+00:00,115309.21875,115431.3125,108713.3984375,112122.640625,358886641603,0.0,0.0,1758499200
2025-09-29 00:00:00+00:00,112117.875,125559.2109375,111589.953125,123513.4765625,456130203494,0.0,0.0,1759104000
2025-10-06 00:00:00+00:00,123510.453125,126198.0703125,104582.4140625,115169.765625,645797975711,0.0,0.0,1759708800
2025-10-13 00:00:00+00:00,115161.6796875,116020.484375,103598.4296875,108666.7109375,508815465964,0.0,0.0,1760313600
2025-10-20 00:00:00+00:00,108667.4453125,113996.34375,106778.0,111238.53125,350631420531,0.0,0.0,1760918400
